Departure (Local),Arrival (Local),Duration,Origin,Destination,Train type,Train number,Distance (km),Alphabetical trip,
449,449,602:50:00,25 days,2 hours,50 minutes,,67638.2,AUTOMATIC,Commentaire
2013-08-03,2013-08-03,,St-Louis,Strasbourg,,,134.8,St-Louis - Strasbourg,
2013-08-03,2013-08-03,,Strasbourg,Paris Gare de l’Est,,,438.7,Paris Gare de l’Est - Strasbourg,
2013-08-03,2013-08-03,,Paris Austerlitz,Brive-la-Gaillarde,,,498.8,Brive-la-Gaillarde - Paris Austerlitz,
2013-08-17,2013-08-17,,Brive-la-Gaillarde,Paris Austerlitz,,,498.8,Brive-la-Gaillarde - Paris Austerlitz,
2013-08-17,2013-08-17,,Paris Gare de l’Est,Strasbourg,,,438.7,Paris Gare de l’Est - Strasbourg,
2013-08-17,2013-08-17,,Strasbourg,St-Louis,,,134.8,St-Louis - Strasbourg,
2014-03-08 07:40,2014-03-08 08:50,1:10,Basel SBB,Zürich Oerlikon,,,95.9,Basel SBB - Zürich Oerlikon,
2014-03-08 08:58,2014-03-08 09:05,0:07,Zürich Oerlikon,Kloten,,,5.3,Kloten - Zürich Oerlikon,
2014-03-08,2014-03-08,,Kloten,Zürich Oerlikon,,,5.3,Kloten - Zürich Oerlikon,
2014-03-08,2014-03-08,,Zürich Oerlikon,Basel SBB,,,95.9,Basel SBB - Zürich Oerlikon,
2015-03-12,2015-03-12,,Basel SBB,Bern,,,100.3,Basel SBB - Bern,
2015-03-12,2015-03-12,,Bern,Lausanne,,,96.7,Bern - Lausanne,
2015-03-12,2015-03-12,,Lausanne,Bern,,,96.7,Bern - Lausanne,
2015-03-12,2015-03-12,,Bern,Basel SBB,,,100.3,Basel SBB - Bern,
2015-03-13 16:34,2015-03-13 19:38,3:04,Basel SBB,Paris Gare de Lyon,TGV Lyria,9226,524.4,Basel SBB - Paris Gare de Lyon,
2015-03-15 18:23,2015-03-15 21:25,3:02,Paris Gare de Lyon,Basel SBB,TGV Lyria,9223,524.4,Basel SBB - Paris Gare de Lyon,
2015-07-12 06:40,2015-07-12 07:56,1:16,Basel SBB,Zürich Flughafen,IR,2059,100.1,Basel SBB - Zürich Flughafen,
2015-08-21 12:34,2015-08-21 15:37,3:03,Basel SBB,Paris Gare de Lyon,TGV Lyria,9218,524.4,Basel SBB - Paris Gare de Lyon,
2015-08-24 07:23,2015-08-24 10:26,3:03,Paris Gare de Lyon,Basel SBB,TGV Lyria,9203,524.4,Basel SBB - Paris Gare de Lyon,
2015-11-27 14:34,2015-11-27 17:37,3:03,Basel SBB,Paris Gare de Lyon,TGV Lyria,9222,524.4,Basel SBB - Paris Gare de Lyon,
2015-11-29 16:23,2015-11-29 19:26,3:03,Paris Gare de Lyon,Basel SBB,TGV Lyria,9219,524.4,Basel SBB - Paris Gare de Lyon,
2016-02-07 07:09,2016-02-07 07:27,0:18,Basel SBB,Sierentz,TER,96104,17.1,Basel SBB - Sierentz,
2016-07-01 14:34,2016-07-01 17:37,3:03,Basel SBB,Paris Gare de Lyon,TGV Lyria,9222,524.4,Basel SBB - Paris Gare de Lyon,
2016-07-03 16:23,2016-07-03 19:26,3:03,Paris Gare de Lyon,Basel SBB,TGV Lyria,9219,524.4,Basel SBB - Paris Gare de Lyon,
2016-07-30 10:59,2016-07-30 11:26,0:27,Wien Hbf,Baden bei Wien Bahnhof,REX,1,25.9,Baden bei Wien Bahnhof - Wien Hbf,
2016-07-30 17:33,2016-07-30 17:59,0:26,Baden bei Wien Bahnhof,Wien Hbf,REX,1,25.9,Baden bei Wien Bahnhof - Wien Hbf,
2016-12-01 06:31,2016-12-01 07:24,0:53,Basel SBB,Bern,EC,51,100.3,Basel SBB - Bern,
2016-12-01 07:34,2016-12-01 08:40,1:06,Bern,Lausanne,IC,706,96.7,Bern - Lausanne,
2016-12-01 17:20,2016-12-01 18:26,0:53,Lausanne,Bern,IC,729,96.7,Bern - Lausanne,
2016-12-01 18:36,2016-12-01 19:29,0:53,Bern,Basel SBB,IC,1080,100.3,Basel SBB - Bern,
2017-02-03 08:00,2017-02-03 09:09,1:09,St-Louis,Strasbourg,TER ,96212,134.8,St-Louis - Strasbourg,
2017-02-03 15:21,2017-02-03 16:30,1:09,Strasbourg,St-Louis,TER,96263,134.8,St-Louis - Strasbourg,
2017-06-28 15:24,2017-06-28 16:39,1:15,St-Louis,Strasbourg,TER,96228,134.8,St-Louis - Strasbourg,
2017-06-28 21:21,2017-06-28 22:36,1:15,Strasbourg,St-Louis,TER,96241,134.8,St-Louis - Strasbourg,
2017-07-28 14:34,2017-07-28 18:06,3:32,Basel SBB,Paris Gare de Lyon,TGV Lyria,9222,524.4,Basel SBB - Paris Gare de Lyon,
2017-08-07 07:23,2017-08-07 10:26,3:03,Paris Gare de Lyon,Basel SBB,TGV Lyria,9203,524.4,Basel SBB - Paris Gare de Lyon,
2017-09-22 19:20,2017-09-22 20:26,1:06,Lausanne,Bern,IC,733,96.7,Bern - Lausanne,
2017-09-22 20:36,2017-09-22 21:29,0:53,Bern,Basel SBB,IC,1084,100.3,Basel SBB - Bern,
2017-09-24 19:31,2017-09-24 20:24,0:53,Basel SBB,Bern,IC,1085,100.3,Basel SBB - Bern,
2017-09-24 20:34,2017-09-24 21:40,1:06,Bern,Lausanne,IC,732,96.7,Bern - Lausanne,
2017-10-06 19:20,2017-10-06 20:26,1:06,Lausanne,Bern,IC,733,96.7,Bern - Lausanne,
2017-10-06 20:36,2017-10-06 21:29,0:53,Bern,Basel SBB,IC,1084,100.3,Basel SBB - Bern,
2017-10-08 19:31,2017-10-08 20:24,0:53,Basel SBB,Bern,IC,1085,100.3,Basel SBB - Bern,
2017-10-08 20:34,2017-10-08 21:40,1:06,Bern,Lausanne,IC,732,96.7,Bern - Lausanne,
2017-10-20 19:20,2017-10-20 20:26,1:06,Lausanne,Bern,IC,733,96.7,Bern - Lausanne,
2017-10-20 20:36,2017-10-20 21:29,0:53,Bern,Basel SBB,IC,1084,100.3,Basel SBB - Bern,
2017-10-20 21:39,2017-10-20 22:05,0:26,Basel SBB,Rixheim,TER,96142,28.3,Basel SBB - Rixheim,
2017-10-21 17:24,2017-10-21 17:32,0:08,Rixheim,Sierentz,TER,96133,11.2,Rixheim - Sierentz,
2017-10-22 08:57,2017-10-22 09:05,0:08,Sierentz,Rixheim,TER,96110,11.2,Rixheim - Sierentz,
2017-10-22 18:24,2017-10-22 18:50,0:26,Rixheim,Basel SBB,TER,96137,28.3,Basel SBB - Rixheim,
2017-10-22 19:31,2017-10-22 20:24,0:53,Basel SBB,Bern,IC,1085,100.3,Basel SBB - Bern,
2017-10-22 20:34,2017-10-22 21:40,1:06,Bern,Lausanne,IC,732,96.7,Bern - Lausanne,
2017-11-03 19:20,2017-11-03 20:26,1:06,Lausanne,Bern,IC,733,96.7,Bern - Lausanne,
2017-11-03 20:36,2017-11-03 21:29,0:53,Bern,Basel SBB,IC,1084,100.3,Basel SBB - Bern,
2017-11-05 18:42,2017-11-05 18:50,0:08,St-Louis,Basel SBB,TER,96137,6.8,Basel SBB - St-Louis,
2017-11-05 19:31,2017-11-05 20:24,0:53,Basel SBB,Bern,IC,1085,100.3,Basel SBB - Bern,
2017-11-05 20:34,2017-11-05 21:40,1:06,Bern,Lausanne,IC,732,96.7,Bern - Lausanne,
2017-11-24 19:20,2017-11-24 20:26,1:06,Lausanne,Bern,IC,733,96.7,Bern - Lausanne,
2017-11-24 20:36,2017-11-24 21:29,0:53,Bern,Basel SBB,IC,1084,100.3,Basel SBB - Bern,
2017-11-26 19:31,2017-11-26 20:24,0:53,Basel SBB,Bern,IC,1085,100.3,Basel SBB - Bern,
2017-11-26 20:34,2017-11-26 21:40,1:06,Bern,Lausanne,IC,732,96.7,Bern - Lausanne,
2017-12-01 19:20,2017-12-01 20:26,1:06,Lausanne,Bern,IC,733,96.7,Bern - Lausanne,
2017-12-01 20:36,2017-12-01 21:29,0:53,Bern,Basel SBB,IC,1084,100.3,Basel SBB - Bern,
2017-12-03 19:31,2017-12-03 20:24,0:53,Basel SBB,Bern,IC,1085,100.3,Basel SBB - Bern,
2017-12-03 20:34,2017-12-03 21:40,1:06,Bern,Lausanne,IC,732,96.7,Bern - Lausanne,
2017-12-22 19:20,2017-12-22 20:26,1:06,Lausanne,Bern,IC,733,96.7,Bern - Lausanne,
2017-12-22 20:36,2017-12-22 21:29,0:53,Bern,Basel SBB,IC,1084,100.3,Basel SBB - Bern,
2018-01-01 19:31,2018-01-01 20:24,0:53,Basel SBB,Bern,IC,1085,100.3,Basel SBB - Bern,
2018-01-01 20:34,2018-01-01 21:40,1:06,Bern,Lausanne,IC,732,96.7,Bern - Lausanne,
2018-01-11 19:20,2018-01-11 20:26,1:06,Lausanne,Bern,IC,733,96.7,Bern - Lausanne,
2018-01-11 20:36,2018-01-11 21:29,0:53,Bern,Basel SBB,IC,1084,100.3,Basel SBB - Bern,
2018-01-12 19:31,2018-01-12 20:24,0:53,Basel SBB,Bern,IC,1085,100.3,Basel SBB - Bern,
2018-01-12 20:34,2018-01-12 21:40,1:06,Bern,Lausanne,IC,732,96.7,Bern - Lausanne,
2018-01-27 19:20,2018-01-27 21:28,2:08,Lausanne,Zürich HB,IC,733,213.7,Lausanne - Zürich HB,
2018-01-27 21:37,2018-01-27 22:52,1:15,Zürich HB,Chur,IC,597,115.8,Chur - Zürich HB,
2018-02-03 19:05,2018-02-03 20:19,1:14,Chur,Zürich HB,IC,10584,115.8,Chur - Zürich HB,
2018-02-03 20:32,2018-02-03 22:40,2:08,Zürich HB,Lausanne,IC,734,213.7,Lausanne - Zürich HB,
2018-02-23 19:20,2018-02-23 20:26,1:06,Lausanne,Bern,IC,733,96.7,Bern - Lausanne,
2018-02-23 20:36,2018-02-23 21:29,0:53,Bern,Basel SBB,IC,1084,100.3,Basel SBB - Bern,
2018-02-25 19:31,2018-02-25 20:24,0:53,Basel SBB,Bern,IC,1085,100.3,Basel SBB - Bern,
2018-02-25 20:34,2018-02-25 21:40,1:06,Bern,Lausanne,IC,732,96.7,Bern - Lausanne,
2018-03-09 19:20,2018-03-09 20:26,1:06,Lausanne,Bern,IC,733,96.7,Bern - Lausanne,
2018-03-09 20:36,2018-03-09 21:29,0:53,Bern,Basel SBB,IC,1084,100.3,Basel SBB - Bern,
2018-03-11 19:31,2018-03-11 20:24,0:53,Basel SBB,Bern,IC,1085,100.3,Basel SBB - Bern,
2018-03-11 20:34,2018-03-11 21:40,1:06,Bern,Lausanne,IC,732,96.7,Bern - Lausanne,
2018-03-16 19:20,2018-03-16 20:26,1:06,Lausanne,Bern,IC,733,96.7,Bern - Lausanne,
2018-03-16 20:36,2018-03-16 21:29,0:53,Bern,Basel SBB,IC,1084,100.3,Basel SBB - Bern,
2018-03-18 19:31,2018-03-18 20:24,0:53,Basel SBB,Bern,IC,1085,100.3,Basel SBB - Bern,
2018-03-18 20:34,2018-03-18 21:40,1:06,Bern,Lausanne,IC,732,96.7,Bern - Lausanne,
2018-04-13 19:20,2018-04-13 20:26,1:06,Lausanne,Bern,IC,733,96.7,Bern - Lausanne,
2018-04-13 20:36,2018-04-13 21:29,0:53,Bern,Basel SBB,IC,1084,100.3,Basel SBB - Bern,
2018-04-15 19:31,2018-04-15 19:55,0:24,Basel SBB,Olten,IC,10285,31.8,Basel SBB - Olten,
2018-04-15 20:02,2018-04-15 21:45,1:43,Olten,Lausanne,IC,1534,159,Lausanne - Olten,
2018-05-18 14:44,2018-05-18 15:56,1:12,Lausanne,Bern,IR,2525,96.7,Bern - Lausanne,
2018-05-18 16:04,2018-05-18 16:59,0:55,Bern,Basel SBB,ICE,376,100.3,Basel SBB - Bern,
2018-05-20 19:31,2018-05-20 20:24,0:53,Basel SBB,Bern,IC,1085,100.3,Basel SBB - Bern,
2018-05-20 20:34,2018-05-20 21:40,1:06,Bern,Lausanne,IC,732,96.7,Bern - Lausanne,
2018-05-25 19:20,2018-05-25 20:26,1:06,Lausanne,Bern,IC,733,96.7,Bern - Lausanne,
2018-05-25 20:36,2018-05-25 21:29,0:53,Bern,Basel SBB,IC,1084,100.3,Basel SBB - Bern,
2018-05-27 19:31,2018-05-27 19:55,0:24,Basel SBB,Olten,IC,10185,31.8,Basel SBB - Olten,
2018-05-27 20:02,2018-05-27 21:45,1:43,Olten,Lausanne,IC,1534,159,Lausanne - Olten,
2018-06-30 19:20,2018-06-30 20:26,1:06,Lausanne,Bern,IC,733,96.7,Bern - Lausanne,
2018-06-30 20:36,2018-06-30 21:34,0:58,Bern,Basel SBB,IC,10184,100.3,Basel SBB - Bern,
2018-07-30 19:28,2018-07-30 19:55,0:27,Basel SBB,Olten,IC,10185,31.8,Basel SBB - Olten,
2018-07-30 20:02,2018-07-30 21:45,1:43,Olten,Lausanne,IC,1534,159,Lausanne - Olten,
2018-08-04 19:15,2018-08-04 20:57,1:42,Lausanne,Olten,IC,1537,159,Lausanne - Olten,
2018-08-04 21:05,2018-08-04 21:34,0:29,Olten,Basel SBB,IC,10184,31.8,Basel SBB - Olten,
2018-08-05 07:48,2018-08-05 09:31,1:43,Basel Badischer Bahnhof,Ringsheim,RE,5334,91.1,Basel Badischer Bahnhof - Ringsheim,
2018-08-05 21:04,2018-08-05 22:49,1:45,Ringsheim,Basel Badischer Bahnhof,RE,17085,91.1,Basel Badischer Bahnhof - Ringsheim,
2018-08-06 07:02,2018-08-06 07:20,0:18,Sierentz,Basel SBB,TER,,17.1,Basel SBB - Sierentz,
2018-08-06 08:28,2018-08-06 08:55,0:27,Basel SBB,Olten,IC,10163,31.8,Basel SBB - Olten,
2018-08-06 09:02,2018-08-06 10:45,1:43,Olten,Lausanne,IC,1512,159,Lausanne - Olten,
2018-08-09 19:15,2018-08-09 20:57,1:42,Lausanne,Olten,IC,1537,159,Lausanne - Olten,
2018-08-09 21:05,2018-08-09 21:34,0:29,Olten,Basel SBB,IC,10184,31.8,Basel SBB - Olten,
2018-08-11 07:26,2018-08-11 08:58,1:32,Basel Badischer Bahnhof,Ringsheim,RE,17040,91.1,Basel Badischer Bahnhof - Ringsheim,
2018-08-11 19:26,2018-08-11 21:12,1:46,Ringsheim,Basel Badischer Bahnhof,RE,17039,91.1,Basel Badischer Bahnhof - Ringsheim,
2018-08-23 13:30,2018-08-23 13:44,0:14,St-Louis,Mulhouse,TER,96226,27,Mulhouse - St-Louis,
2018-09-18 19:04,2018-09-18 19:28,0:24,Basel SBB,Olten,IC,687,31.8,Basel SBB - Olten,
2018-09-18 19:40,2018-09-18 20:51,1:11,Olten,Yverdon-les-Bains,IC,534,128.1,Olten - Yverdon-les-Bains,
2018-09-18 20:57,2018-09-18 21:20,0:23,Yverdon-les-Bains,Renens VD,S5,12583,35.2,Renens VD - Yverdon-les-Bains,
2018-10-05 19:02,2018-10-05 19:09,0:07,Renens VD,Lausanne,RE,3233,3.9,Lausanne - Renens VD,
2018-10-05 19:20,2018-10-05 20:26,1:06,Lausanne,Bern,IC,733,96.7,Bern - Lausanne,
2018-10-05 20:36,2018-10-05 21:29,0:53,Bern,Basel SBB,IC,1084,100.3,Basel SBB - Bern,
2018-10-07 19:31,2018-10-07 20:24,0:53,Basel SBB,Bern,IC,1085,100.3,Basel SBB - Bern,
2018-10-07 20:34,2018-10-07 21:40,1:06,Bern,Lausanne,IC,732,96.7,Bern - Lausanne,
2018-10-07 21:49,2018-10-07 21:54,0:05,Lausanne,Renens VD,RE,3234,3.9,Lausanne - Renens VD,
2018-10-19 19:20,2018-10-19 20:26,1:06,Lausanne,Bern,IC,733,96.7,Bern - Lausanne,
2018-10-19 20:36,2018-10-19 21:29,0:53,Bern,Basel SBB,IC,1084,100.3,Basel SBB - Bern,
2018-10-21 19:31,2018-10-21 20:24,0:53,Basel SBB,Bern,IC,1085,100.3,Basel SBB - Bern,
2018-10-21 20:34,2018-10-21 21:40,1:06,Bern,Lausanne,IC,732,96.7,Bern - Lausanne,
2018-10-21 21:49,2018-10-21 21:54,0:05,Lausanne,Renens VD,RE,3234,3.9,Lausanne - Renens VD,
2018-11-02 19:20,2018-11-02 20:26,1:06,Lausanne,Bern,IC,733,96.7,Bern - Lausanne,
2018-11-02 20:36,2018-11-02 21:29,0:53,Bern,Basel SBB,IC,1084,100.3,Basel SBB - Bern,
2018-11-04 19:31,2018-11-04 20:24,0:53,Basel SBB,Bern,IC,1085,100.3,Basel SBB - Bern,
2018-11-04 20:34,2018-11-04 21:40,1:06,Bern,Lausanne,IC,732,96.7,Bern - Lausanne,
2018-11-04 21:49,2018-11-04 21:54,0:05,Lausanne,Renens VD,RE,3234,3.9,Lausanne - Renens VD,
2018-11-09 19:20,2018-11-09 20:26,1:06,Lausanne,Bern,IC,733,96.7,Bern - Lausanne,
2018-11-09 20:36,2018-11-09 21:29,0:53,Bern,Basel SBB,IC,1084,100.3,Basel SBB - Bern,
2018-11-11 19:03,2018-11-11 20:10,1:07,Basel SBB,Biel/Bienne,IC,1634,101.1,Basel SBB - Biel/Bienne,
2018-11-11 20:16,2018-11-11 21:20,1:04,Biel/Bienne,Morges,IC,30934,104.1,Biel/Bienne - Morges,
2018-11-18 12:23,2018-11-18 16:03,3:40,Lausanne,Paris Gare de Lyon,TGV Lyria,9268,480.2,Lausanne - Paris Gare de Lyon,
2018-11-20 07:57,2018-11-20 11:37,3:40,Paris Gare de Lyon,Lausanne,TGV Lyria,9261,480.2,Lausanne - Paris Gare de Lyon,
2018-12-21 19:20,2018-12-21 20:26,1:06,Lausanne,Bern,IC,733,96.7,Bern - Lausanne,
2018-12-21 20:36,2018-12-21 21:29,0:53,Bern,Basel SBB,IC,1084,100.3,Basel SBB - Bern,
2018-12-26 19:03,2018-12-26 20:10,1:07,Basel SBB,Biel/Bienne,IC,1634,101.1,Basel SBB - Biel/Bienne,
2018-12-26 20:16,2018-12-26 20:51,0:35,Biel/Bienne,Yverdon-les-Bains,IC,534,65.1,Biel/Bienne - Yverdon-les-Bains,
2018-12-26 20:57,2018-12-26 21:20,0:23,Yverdon-les-Bains,Renens VD,S5,24583,35.2,Renens VD - Yverdon-les-Bains,
2019-01-31 19:02,2019-01-31 19:09,0:07,Renens VD,Lausanne,RE,18457,3.9,Lausanne - Renens VD,
2019-01-31 19:20,2019-01-31 20:26,1:06,Lausanne,Bern,IC,733,96.7,Bern - Lausanne,
2019-01-31 20:36,2019-01-31 21:29,0:53,Bern,Basel SBB,IC,1084,100.3,Basel SBB - Bern,
2019-02-02 19:13,2019-02-02 21:52,2:39,Basel SBB,Chur,IR,1985,206.2,Basel SBB - Chur,
2019-02-08 19:09,2019-02-08 21:27,2:18,Chur,Basel SBB,IC,584,206.2,Basel SBB - Chur,
2019-02-17 19:20,2019-02-17 19:37,0:17,Bulle,Romont,RE,4035,17.8,Bulle - Romont,
2019-02-17 19:44,2019-02-17 20:16,0:32,Romont,Lausanne,IR,2532,39.9,Lausanne - Romont,
2019-02-17 20:27,2019-02-17 20:33,0:06,Lausanne,Renens VD,RE,31076,3.9,Lausanne - Renens VD,
2019-03-29 19:20,2019-03-29 20:26,1:06,Lausanne,Bern,IC,733,96.7,Bern - Lausanne,
2019-03-29 20:36,2019-03-29 21:29,0:53,Bern,Basel SBB,IC,1084,100.3,Basel SBB - Bern,
2019-03-31 19:31,2019-03-31 20:24,0:53,Basel SBB,Bern,IC,1085,100.3,Basel SBB - Bern,
2019-03-31 20:34,2019-03-31 21:40,1:06,Bern,Lausanne,IC,732,96.7,Bern - Lausanne,
2019-04-18 19:20,2019-04-18 20:26,1:06,Lausanne,Bern,IC,733,96.7,Bern - Lausanne,
2019-04-18 20:36,2019-04-18 21:29,0:53,Bern,Basel SBB,IC,1084,100.3,Basel SBB - Bern,
2019-04-24 08:00,2019-04-24 09:12,1:12,St-Louis,Strasbourg,TER,96216,134.8,St-Louis - Strasbourg,
2019-04-24 20:21,2019-04-24 21:33,1:12,Strasbourg,St-Louis,TER,96241,134.8,St-Louis - Strasbourg,
2019-04-25 09:31,2019-04-25 10:24,0:53,Basel SBB,Bern,IC,1065,100.3,Basel SBB - Bern,
2019-04-25 10:34,2019-04-25 11:40,1:06,Bern,Lausanne,IC,712,96.7,Bern - Lausanne,
2019-05-24 19:20,2019-05-24 20:26,1:06,Lausanne,Bern,IC,733,96.7,Bern - Lausanne,
2019-05-24 20:36,2019-05-24 21:29,0:53,Bern,Basel SBB,IC,1084,100.3,Basel SBB - Bern,
2019-05-26 19:04,2019-05-26 19:28,0:24,Basel SBB,Olten,IC,687,31.8,Basel SBB - Olten,
2019-05-26 19:40,2019-05-26 20:51,1:11,Olten,Yverdon-les-Bains,IC,534,128.1,Olten - Yverdon-les-Bains,
2019-05-26 20:57,2019-05-26 21:20,0:23,Yverdon-les-Bains,Renens VD,S5,24583,35.2,Renens VD - Yverdon-les-Bains,
2019-07-05 19:20,2019-07-05 20:26,1:06,Lausanne,Bern,IC,733,96.7,Bern - Lausanne,
2019-07-05 20:36,2019-07-05 21:29,0:53,Bern,Basel SBB,IC,1084,100.3,Basel SBB - Bern,
2019-07-19 08:00,2019-07-19 09:09,1:09,St-Louis,Strasbourg,TER,96212,134.8,St-Louis - Strasbourg,
2019-07-19 10:51,2019-07-19 12:09,1:18,Strasbourg,Basel SBB,TER,96217,141.5,Basel SBB - Strasbourg,
2019-07-29 07:30,2019-07-29 08:39,1:09,St-Louis,Strasbourg,TER,96210,134.8,St-Louis - Strasbourg,
2019-07-29 09:51,2019-07-29 11:00,1:09,Strasbourg,St-Louis,TER,96215,134.8,St-Louis - Strasbourg,
2019-07-30 06:34,2019-07-30 08:29,1:55,Basel Badischer Bahnhof,Ringsheim,RE,17012,91.1,Basel Badischer Bahnhof - Ringsheim,
2019-07-30 19:26,2019-07-30 21:12,1:46,Ringsheim,Basel Badischer Bahnhof,RE,17039,91.1,Basel Badischer Bahnhof - Ringsheim,
2019-08-03 07:07,2019-08-03 07:15,0:08,Pudong Airport,Longyang Road,Maglev,,30.1,Longyang Road - Pudong Airport,
2019-08-04 10:06,2019-08-04 11:01,0:55,Shanghai Hongqiao,Hangzhou East,G,7319,158.7,Hangzhou East - Shanghai Hongqiao,
2019-08-04 21:06,2019-08-04 22:05,0:59,Hangzhou East,Shanghai Hongqiao,G,7340,158.7,Hangzhou East - Shanghai Hongqiao,
2019-08-05 08:00,2019-08-05 08:27,0:27,Shanghai West,Suzhou,G,7004,78.5,Shanghai West - Suzhou,
2019-08-05 14:47,2019-08-05 15:20,0:33,Suzhou,Shanghai West,G,7082,78.5,Shanghai West - Suzhou,
2019-08-05 17:55,2019-08-05 22:36,4:41,Shanghai,Beijing,G,18,1325.1,Beijing - Shanghai,
2019-08-10 08:00,2019-08-10 10:16,2:16,Beijing South,Shanhaiguan,G,387,394.5,Beijing South - Shanhaiguan,
2019-08-10 20:30,2019-08-10 22:38,2:08,Shanhaiguan,Beijing South,G,385,394.5,Beijing South - Shanhaiguan,
2019-08-12 15:13,2019-08-12 15:50,0:37,Schiphol Airport,Delft,Intercity,2459,50.8,Delft - Schiphol Airport,
2019-08-12 17:50,2019-08-12 18:06,0:16,Delft,Den Haag Centraal,Sprinter,5158,10,Delft - Den Haag Centraal,
2019-08-12 21:17,2019-08-12 21:30,0:13,Den Haag Centraal,Delft,Intercity,1181,10,Delft - Den Haag Centraal,
2019-08-13,2019-08-13,,Delft,Den Haag Centraal,,,10,Delft - Den Haag Centraal,
2019-08-13,2019-08-13,,Den Haag Centraal,Amsterdam-Centraal,,,59.5,Amsterdam-Centraal - Den Haag Centraal,
2019-08-13,2019-08-13,,Amsterdam-Centraal,Den Haag Centraal,,,59.5,Amsterdam-Centraal - Den Haag Centraal,
2019-08-13,2019-08-13,,Den Haag Centraal,Delft,,,10,Delft - Den Haag Centraal,
2019-10-06 08:25,2019-10-06 08:45,0:20,Delft,Leiden Centraal,Intercity,2229,23.8,Delft - Leiden Centraal,
2019-10-06 08:16,2019-10-06 08:35,0:19,Leiden Centraal,Delft,,,23.8,Delft - Leiden Centraal,
2019-10-11 06:54,2019-10-11 07:55,1:01,Delft,Amsterdam-Centraal,Intercity,,67.9,Amsterdam-Centraal - Delft,
2019-10-13 10:40,2019-10-13 10:58,0:18,Amsterdam-Centraal,Schiphol Airport,,,17.1,Amsterdam-Centraal - Schiphol Airport,
2019-10-13 11:10,2019-10-13 11:51,0:41,Schiphol Airport,Delft,,,50.8,Delft - Schiphol Airport,
2019-11-10 07:54,2019-11-10 08:55,1:01,Delft,Amsterdam-Centraal,Intercity,,67.9,Amsterdam-Centraal - Delft,
2019-11-10 17:34,2019-11-10 18:35,1:01,Amsterdam-Centraal,Delft,Intercity,,67.9,Amsterdam-Centraal - Delft,
2019-12-21 07:01,2019-12-21 07:12,0:11,Delft,Rotterdam Centraal,Intercity,,14.5,Delft - Rotterdam Centraal,
2019-12-21 07:20,2019-12-21 07:58,0:38,Rotterdam Centraal,Utrecht Centraal,Intercity,,56.8,Rotterdam Centraal - Utrecht Centraal,
2019-12-21 08:37,2019-12-21 14:47,6:10,Utrecht Centraal,Basel SBB,ICE,105,715.2,Basel SBB - Utrecht Centraal,
2019-12-27 15:13,2019-12-27 21:31,6:18,Basel SBB,Utrecht Centraal,ICE,104,715.2,Basel SBB - Utrecht Centraal,
2019-12-27 21:42,2019-12-27 22:50,1:08,Utrecht Centraal,Delft,,,71,Delft - Utrecht Centraal,
2019-12-29 13:36,2019-12-29 13:47,0:11,Delft,Den Haag Centraal,,,10,Delft - Den Haag Centraal,
2019-12-29 16:53,2019-12-29 17:09,0:16,Den Haag Centraal,Delft,,,10,Delft - Den Haag Centraal,
2019-12-30 08:24,2019-12-30 09:25,1:01,Delft,Amsterdam-Centraal,Intercity,,67.9,Amsterdam-Centraal - Delft,
2019-12-30 16:02,2019-12-30 16:39,0:37,Amsterdam-Centraal,Leiden Centraal,,,44.1,Amsterdam-Centraal - Leiden Centraal,
2019-12-30 16:45,2019-12-30 17:26,0:41,Leiden Centraal,Delft,,,23.8,Delft - Leiden Centraal,
2019-12-31 14:24,2019-12-31 14:40,0:16,Delft,Rotterdam Centraal,,,14.5,Delft - Rotterdam Centraal,
2020-01-01 00:50,2020-01-01 01:34,0:44,Rotterdam Centraal,Delft,,,14.5,Delft - Rotterdam Centraal,
2020-01-25 06:24,2020-01-25 06:45,0:21,Delft,Leiden Centraal,Intercity,,23.8,Delft - Leiden Centraal,
2020-01-25 06:47,2020-01-25 07:02,0:15,Leiden Centraal,Schiphol Airport,Intercity,,27,Leiden Centraal - Schiphol Airport,
2020-02-01 09:06,2020-02-01 11:22,2:16,Basel SBB,Chur,ICE,271,206.2,Basel SBB - Chur,
2020-02-07 19:09,2020-02-07 21:27,2:18,Chur,Basel SBB,IC,584,206.2,Basel SBB - Chur,
2020-02-09 13:49,2020-02-09 14:02,0:13,Schiphol Airport,Amsterdam Bijlmer ArenA,Intercity,,15.1,Amsterdam Bijlmer ArenA - Schiphol Airport,
2020-02-09 14:04,2020-02-09 15:04,1:00,Amsterdam Bijlmer ArenA,Rotterdam Centraal,Sprinter,,70.5,Amsterdam Bijlmer ArenA - Rotterdam Centraal,
2020-02-09 15:12,2020-02-09 15:24,0:12,Rotterdam Centraal,Delft,Intercity,,14.5,Delft - Rotterdam Centraal,
2020-04-16 05:41,2020-04-16 05:56,0:15,Delft,Den Haag Centraal,Sprinter,,10,Delft - Den Haag Centraal,
2020-04-16 06:08,2020-04-16 07:18,1:10,Den Haag Centraal,Amsterdam-Centraal,Sprinter,,59.5,Amsterdam-Centraal - Den Haag Centraal,
2020-04-16 08:08,2020-04-16 14:35,6:27,Amsterdam-Centraal,Basel Badischer Bahnhof,ICE,105,746.3,Amsterdam-Centraal - Basel Badischer Bahnhof,
2020-07-06 10:04,2020-07-06 10:18,0:14,Delft,Rotterdam Centraal,,,14.5,Delft - Rotterdam Centraal,
2020-07-06 17:25,2020-07-06 17:40,0:15,Rotterdam Centraal,Delft,,,14.5,Delft - Rotterdam Centraal,
2020-07-12 09:54,2020-07-12 10:07,0:13,Delft,Den Haag Centraal,,,10,Delft - Den Haag Centraal,
2020-07-12 14:00,2020-07-12 14:15,0:15,Den Haag Centraal,Delft,,,10,Delft - Den Haag Centraal,
2020-07-14 16:36,2020-07-14 16:54,0:18,Delft,Rotterdam Centraal,,,14.5,Delft - Rotterdam Centraal,
2020-07-14 20:10,2020-07-14 20:38,0:28,Rotterdam Centraal,Delft,,,14.5,Delft - Rotterdam Centraal,
2020-09-10 19:20,2020-09-10 20:26,1:06,Lausanne,Bern,IC,733,96.7,Bern - Lausanne,
2020-09-10 20:36,2020-09-10 21:32,0:56,Bern,Basel SBB,IC,1084,100.3,Basel SBB - Bern,
2020-09-13 19:03,2020-09-13 20:10,1:07,Basel SBB,Biel/Bienne,IC,1634,101.1,Basel SBB - Biel/Bienne,
2020-09-13 20:16,2020-09-13 20:51,0:35,Biel/Bienne,Yverdon-les-Bains,IC,10534,65.1,Biel/Bienne - Yverdon-les-Bains,
2020-09-13 20:57,2020-09-13 21:20,0:23,Yverdon-les-Bains,Renens VD,S5,24583,35.2,Renens VD - Yverdon-les-Bains,
2020-10-15 19:20,2020-10-15 20:26,1:06,Lausanne,Bern,IC,733,96.7,Bern - Lausanne,
2020-10-15 20:36,2020-10-15 21:32,0:56,Bern,Basel SBB,IC,1084,100.3,Basel SBB - Bern,
2020-10-18 19:03,2020-10-18 20:10,1:07,Basel SBB,Biel/Bienne,IC,1634,101.1,Basel SBB - Biel/Bienne,
2020-10-18 20:16,2020-10-18 20:51,0:35,Biel/Bienne,Yverdon-les-Bains,IC,534,65.1,Biel/Bienne - Yverdon-les-Bains,
2020-10-18 20:57,2020-10-18 21:20,0:23,Yverdon-les-Bains,Renens VD,S5,24583,35.2,Renens VD - Yverdon-les-Bains,
2020-12-23 19:20,2020-12-23 20:26,1:06,Lausanne,Bern,IC,733,96.7,Bern - Lausanne,
2020-12-23 20:36,2020-12-23 21:32,0:56,Bern,Basel SBB,IC,1084,100.3,Basel SBB - Bern,
2021-01-04 19:28,2021-01-04 20:26,0:58,Basel SBB,Bern,IC,1085,100.3,Basel SBB - Bern,
2021-01-04 20:34,2021-01-04 21:40,1:06,Bern,Lausanne,IC,732,96.7,Bern - Lausanne,
2021-01-16 20:01,2021-01-16 20:14,0:13,Renens VD,Eclépens,S1,24178,17.8,Eclépens - Renens VD,
2021-01-16 20:42,2021-01-16 20:57,0:15,Eclépens,Renens VD,S1,24181,17.8,Eclépens - Renens VD,
2021-02-17 14:20,2021-02-17 15:27,1:07,Lausanne,Bern,IC,723,96.7,Bern - Lausanne,
2021-02-17 15:36,2021-02-17 16:32,0:56,Bern,Basel SBB,IC,1074,100.3,Basel SBB - Bern,
2021-02-21 19:03,2021-02-21 20:10,1:07,Basel SBB,Biel/Bienne,IC,1634,101.1,Basel SBB - Biel/Bienne,
2021-02-21 20:16,2021-02-21 20:52,0:36,Biel/Bienne,Yverdon-les-Bains,IC,30534,65.1,Biel/Bienne - Yverdon-les-Bains,
2021-02-21 20:57,2021-02-21 21:20,0:23,Yverdon-les-Bains,Renens VD,S5,24583,35.2,Renens VD - Yverdon-les-Bains,
2021-03-04 19:02,2021-03-04 19:08,0:06,Renens VD,Lausanne,RE,18481,3.9,Lausanne - Renens VD,
2021-03-04 19:20,2021-03-04 20:27,1:07,Lausanne,Bern,IC,733,96.7,Bern - Lausanne,
2021-03-04 20:36,2021-03-04 21:32,0:56,Bern,Basel SBB,IC,1084,100.3,Basel SBB - Bern,
2021-03-06 19:03,2021-03-06 20:10,1:07,Basel SBB,Biel/Bienne,IC,1634,101.1,Basel SBB - Biel/Bienne,
2021-03-06 20:16,2021-03-06 20:52,0:36,Biel/Bienne,Yverdon-les-Bains,IC,534,65.1,Biel/Bienne - Yverdon-les-Bains,
2021-03-06 20:57,2021-03-06 21:20,0:23,Yverdon-les-Bains,Renens VD,S5,24583,35.2,Renens VD - Yverdon-les-Bains,
2021-04-02 19:02,2021-04-02 19:08,0:06,Renens VD,Lausanne,RE,18481,3.9,Lausanne - Renens VD,
2021-04-02 19:20,2021-04-02 20:26,1:06,Lausanne,Bern,IC,733,96.7,Bern - Lausanne,
2021-04-02 20:36,2021-04-02 21:32,0:56,Bern,Basel SBB,IC,1084,100.3,Basel SBB - Bern,
2021-04-06 19:03,2021-04-06 20:10,1:07,Basel SBB,Biel/Bienne,IC,1634,101.1,Basel SBB - Biel/Bienne,
2021-04-06 20:16,2021-04-06 20:52,0:36,Biel/Bienne,Yverdon-les-Bains,IC,534,65.1,Biel/Bienne - Yverdon-les-Bains,
2021-04-06 20:57,2021-04-06 21:20,0:23,Yverdon-les-Bains,Renens VD,S5,24583,35.2,Renens VD - Yverdon-les-Bains,
2021-06-04 19:02,2021-06-04 19:09,0:07,Renens VD,Lausanne,RE,18481,3.9,Lausanne - Renens VD,
2021-06-04 19:20,2021-06-04 20:26,1:06,Lausanne,Bern,IC,733,96.7,Bern - Lausanne,
2021-06-04 20:36,2021-06-04 21:32,0:56,Bern,Basel SBB,IC,1084,100.3,Basel SBB - Bern,
2021-06-07 19:03,2021-06-07 20:10,1:07,Basel SBB,Biel/Bienne,IC,1634,101.1,Basel SBB - Biel/Bienne,
2021-06-07 20:16,2021-06-07 20:52,0:36,Biel/Bienne,Yverdon-les-Bains,IC,534,65.1,Biel/Bienne - Yverdon-les-Bains,
2021-06-07 20:57,2021-06-07 21:20,0:23,Yverdon-les-Bains,Renens VD,S5,24583,35.2,Renens VD - Yverdon-les-Bains,
2021-07-14 19:02,2021-07-14 19:08,0:06,Renens VD,Lausanne,RE,18481,3.9,Lausanne - Renens VD,
2021-07-14 19:20,2021-07-14 20:27,1:07,Lausanne,Bern,IC,733,96.7,Bern - Lausanne,
2021-07-14 20:36,2021-07-14 21:32,0:56,Bern,Basel SBB,IC,1084,100.3,Basel SBB - Bern,
2021-08-01 10:30,2021-08-01 11:41,1:11,St-Louis,Strasbourg,TER,96220,134.8,St-Louis - Strasbourg,
2021-08-01 17:51,2021-08-01 18:59,1:08,Strasbourg,St-Louis,TER,86223,134.8,St-Louis - Strasbourg,
2021-08-16 07:30,2021-08-16 07:44,0:14,St-Louis,Mulhouse,TER,96210,27,Mulhouse - St-Louis,
2021-08-16 07:57,2021-08-16 12:54,4:57,Mulhouse,Montpellier St-Roch,TGV InOui,2203,711.6,Montpellier St-Roch - Mulhouse,
2021-08-16 13:07,2021-08-16 15:15,2:08,Montpellier St-Roch,Toulouse Matabiau,Intercités,4760,247,Montpellier St-Roch - Toulouse Matabiau,
2021-10-08 17:43,2021-10-08 21:52,4:09,Toulouse Matabiau,Lyon Part-Dieu,TGV InOui,6875,561.1,Lyon Part-Dieu - Toulouse Matabiau,
2021-10-08 22:15,2021-10-08 23:03,0:48,Lyon Part-Dieu,Mâcon Ville,TER,86038,66.7,Lyon Part-Dieu - Mâcon Ville,
2021-10-10 10:22,2021-10-10 12:54,2:32,Mâcon Ville,Montpellier St-Roch,TGV InOui,2203,380.8,Mâcon Ville - Montpellier St-Roch,
2021-10-10 13:07,2021-10-10 15:15,2:08,Montpellier St-Roch,Toulouse Matabiau,Intercités,4760,247,Montpellier St-Roch - Toulouse Matabiau,
2021-10-29 10:46,2021-10-29 12:51,2:05,Toulouse Matabiau,Montpellier St-Roch,Intercités,4657,247,Montpellier St-Roch - Toulouse Matabiau,
2021-10-29 13:55,2021-10-29 19:10,5:15,Montpellier St-Roch,Mulhouse,TGV InOui,5500,711.6,Montpellier St-Roch - Mulhouse,
2021-10-29 19:17,2021-10-29 19:30,0:13,Mulhouse,St-Louis,TER,96281,27,Mulhouse - St-Louis,
2021-11-01 07:16,2021-11-01 07:39,0:23,St-Louis,Mulhouse,TER,96104,27,Mulhouse - St-Louis,
2021-11-01 07:57,2021-11-01 12:54,4:57,Mulhouse,Montpellier St-Roch,TGV InOui,2203,711.6,Montpellier St-Roch - Mulhouse,
2021-11-01 13:07,2021-11-01 15:15,2:08,Montpellier St-Roch,Toulouse Matabiau,Intercités,4760,247,Montpellier St-Roch - Toulouse Matabiau,
2021-12-22 10:46,2021-12-22 12:51,2:05,Toulouse Matabiau,Montpellier St-Roch,Intercités,4657,247,Montpellier St-Roch - Toulouse Matabiau,
2021-12-22 13:58,2021-12-22 19:08,5:10,Montpellier St-Roch,Mulhouse,TGV InOui,5500,711.6,Montpellier St-Roch - Mulhouse,
2021-12-22 19:16,2021-12-22 19:29,0:13,Mulhouse,St-Louis,TER,96281,27,Mulhouse - St-Louis,
2021-12-29 07:16,2021-12-29 07:39,0:23,St-Louis,Mulhouse,TER,96104,27,Mulhouse - St-Louis,
2021-12-29 07:57,2021-12-29 12:54,4:57,Mulhouse,Montpellier St-Roch,TGV InOui,5521,711.6,Montpellier St-Roch - Mulhouse,
2021-12-29 13:51,2021-12-29 14:55,1:04,Montpellier St-Roch,Narbonne,TER,876417,97.3,Montpellier St-Roch - Narbonne,
2021-12-29 15:09,2021-12-29 16:42,1:33,Narbonne,Toulouse Matabiau,TER,876258,149.5,Narbonne - Toulouse Matabiau,
2022-02-19 10:46,2022-02-19 12:51,2:05,Toulouse Matabiau,Montpellier St-Roch,Intercités,4657,247,Montpellier St-Roch - Toulouse Matabiau,
2022-02-19 15:08,2022-02-19 17:14,2:06,Montpellier St-Roch,Lyon Part-Dieu,TGV InOui,6873,314.1,Lyon Part-Dieu - Montpellier St-Roch,
2022-02-19 18:04,2022-02-19 21:02,2:58,Lyon Part-Dieu,Mulhouse,TGV InOui,9896,396.8,Lyon Part-Dieu - Mulhouse,
2022-02-20 14:33,2022-02-20 16:52,2:19,Basel SBB,Chur,IC,10575,206.2,Basel SBB - Chur,
2022-02-25 17:08,2022-02-25 18:22,1:14,Chur,Zürich HB,IC,580,115.8,Chur - Zürich HB,
2022-02-25 18:32,2022-02-25 20:40,2:08,Zürich HB,Lausanne,IC,730,213.7,Lausanne - Zürich HB,
2022-02-27 11:15,2022-02-27 12:57,1:42,Lausanne,Olten,IC,1521,159,Lausanne - Olten,
2022-02-27 13:12,2022-02-27 13:45,0:33,Olten,Basel SBB,IR,2470,31.8,Basel SBB - Olten,
2022-02-28 07:14,2022-02-28 07:37,0:23,St-Louis,Mulhouse,TER,96104,27,Mulhouse - St-Louis,
2022-02-28 07:57,2022-02-28 12:54,4:57,Mulhouse,Montpellier St-Roch,TGV InOui,5521,711.6,Montpellier St-Roch - Mulhouse,
2022-02-28 13:07,2022-02-28 15:15,2:08,Montpellier St-Roch,Toulouse Matabiau,Intercités,4760,247,Montpellier St-Roch - Toulouse Matabiau,
2022-03-26 08:28,2022-03-26 10:40,2:12,Toulouse Matabiau,Bordeaux St-Jean,TGV InOui,8504,256.5,Bordeaux St-Jean - Toulouse Matabiau,
2022-03-27 17:53,2022-03-27 18:30,0:37,Bordeaux St-Jean,Angoulême,TGV InOui,8442,114.4,Angoulême - Bordeaux St-Jean,
2022-03-27 19:09,2022-03-27 19:54,0:45,Angoulême,Poitiers,TGV InOui,8450,114,Angoulême - Poitiers,
2022-04-01 17:28,2022-04-01 18:44,1:16,Poitiers,Bordeaux St-Jean,TGV InOui,8447,256.5,Bordeaux St-Jean - Poitiers,
2022-04-01 19:20,2022-04-01 21:31,2:11,Bordeaux St-Jean,Toulouse Matabiau,TGV InOui,8517,256.5,Bordeaux St-Jean - Toulouse Matabiau,
2022-04-18 07:30,2022-04-18 07:43,0:13,St-Louis,Mulhouse,TER,96210,27,Mulhouse - St-Louis,
2022-04-18 07:57,2022-04-18 12:54,4:57,Mulhouse,Montpellier St-Roch,TGV InOui,5521,711.6,Montpellier St-Roch - Mulhouse,
2022-04-18 13:07,2022-04-18 15:15,2:08,Montpellier St-Roch,Toulouse Matabiau,Intercités,4760,247,Montpellier St-Roch - Toulouse Matabiau,
2022-04-25 10:08,2022-04-25 11:16,1:08,Toulouse Matabiau,Carcassonne,TER,870611,90.7,Carcassonne - Toulouse Matabiau,
2022-04-25 17:28,2022-04-25 18:30,1:02,Carcassonne,Toulouse Matabiau,TER,876213,90.7,Carcassonne - Toulouse Matabiau,
2022-04-29 08:46,2022-04-29 09:14,0:28,Toulouse,Castelnaudary,Intercités,4655,54.8,Castelnaudary - Toulouse,
2022-04-29 13:31,2022-04-29 14:10,0:39,Castelnaudary,Montaudran,TER,870610,49.8,Castelnaudary - Montaudran,
2022-04-30 08:46,2022-04-30 10:52,2:06,Toulouse Matabiau,Montpellier St-Roch,Intercités,4655,247,Montpellier St-Roch - Toulouse Matabiau,
2022-04-30 19:07,2022-04-30 21:17,2:10,Montpellier St-Roch,Toulouse Matabiau,Intercités,4766,247,Montpellier St-Roch - Toulouse Matabiau,
2022-07-13 08:28,2022-07-13 12:49,4:21,Toulouse Matabiau,Paris Montparnasse,TGV InOui,8504,793.9,Paris Montparnasse - Toulouse Matabiau,
2022-07-13 13:05,2022-07-13 13:20,0:15,Paris Montparnasse,Sèvres Rive Gauche,Transilien ,N,9.2,Paris Montparnasse - Sèvres Rive Gauche,
13/07/2022,13/07/2022,0:15,Sèvres Rive Gauche,Paris Montparnasse,Transilien ,N,9.2,Paris Montparnasse - Sèvres Rive Gauche,
14/07/2022,14/07/2022,0:15,Sèvres Rive Gauche,Paris Montparnasse,Transilien ,N,9.2,Paris Montparnasse - Sèvres Rive Gauche,
15/07/2022,15/07/2022,0:15,Sèvres Rive Gauche,Paris Montparnasse,Transilien ,N,9.2,Paris Montparnasse - Sèvres Rive Gauche,
16/07/2022,16/07/2022,0:15,Sèvres Rive Gauche,Paris Montparnasse,Transilien ,N,9.2,Paris Montparnasse - Sèvres Rive Gauche,
17/07/2022,17/07/2022,0:15,Sèvres Rive Gauche,Paris Montparnasse,Transilien ,N,9.2,Paris Montparnasse - Sèvres Rive Gauche,
18/07/2022,18/07/2022,0:15,Sèvres Rive Gauche,Paris Montparnasse,Transilien ,N,9.2,Paris Montparnasse - Sèvres Rive Gauche,
18/07/2022,18/07/2022,0:15,Paris Montparnasse,Sèvres Rive Gauche,Transilien ,N,9.2,Paris Montparnasse - Sèvres Rive Gauche,
2022-07-19 06:26,2022-07-19 06:41,0:15,Sèvres Rive Gauche,Paris Montparnasse,Transilien ,N,9.2,Paris Montparnasse - Sèvres Rive Gauche,
2022-07-19 07:11,2022-07-19 11:29,4:18,Paris Montparnasse,Toulouse Matabiau,TGV InOui,8503,793.9,Paris Montparnasse - Toulouse Matabiau,
2022-07-23 07:44,2022-07-23 08:25,0:41,Toulouse Matabiau,Carcassonne,TGV InOui,6871,90.7,Carcassonne - Toulouse Matabiau,
2022-07-23 13:09,2022-07-23 14:10,1:01,Carcassonne,Toulouse Matabiau,TGV InOui,6823,90.7,Carcassonne - Toulouse Matabiau,
2022-07-31 07:44,2022-07-31 11:50,4:06,Toulouse Matabiau,Lyon Part-Dieu,TGV InOui,6871,561.1,Lyon Part-Dieu - Toulouse Matabiau,
2022-08-02 07:21,2022-08-02 08:59,1:38,Basel Badischer Bahnhof,Karlsruhe Hbf,ICE,202,191.3,Basel Badischer Bahnhof - Karlsruhe Hbf,
2022-08-02 09:10,2022-08-02 09:44,0:34,Karlsruhe Hbf,Heidelberg Hbf,IC,2374,53.8,Heidelberg Hbf - Karlsruhe Hbf,
2022-08-02 10:46,2022-08-02 11:40,0:54,Heidelberg Hbf,Frankfurt (Main) Hbf,IC,1296,95.9,Frankfurt (Main) Hbf - Heidelberg Hbf,
2022-08-02 17:34,2022-08-02 17:53,0:19,Frankfurt (Main) Hbf,Darmstadt Hbf,RB,67,27.6,Darmstadt Hbf - Frankfurt (Main) Hbf,
2022-08-03 06:53,2022-08-03 07:43,0:50,Darmstadt Hbf,Mannheim Hbf,RE,60,59.4,Darmstadt Hbf - Mannheim Hbf,
2022-08-03 09:31,2022-08-03 09:56,0:25,Mannheim Hbf,Speyer Hbf,S3,,22.7,Mannheim Hbf - Speyer Hbf,
2022-08-03 15:25,2022-08-03 15:54,0:29,Speyer Hbf,Mannheim Hbf,S3,,22.7,Mannheim Hbf - Speyer Hbf,
2022-08-03 16:15,2022-08-03 17:05,0:50,Mannheim Hbf,Darmstadt Hbf,RE,4672,59.4,Darmstadt Hbf - Mannheim Hbf,
2022-08-05 08:12,2022-08-05 08:44,0:32,Darmstadt Hbf,Mainz Römisches Theater,HLB,28756,32.6,Darmstadt Hbf - Mainz Römisches Theater,
2022-08-05 10:40,2022-08-05 10:43,0:03,Mainz-Kastel,Wiesbaden Ost,S1,,4.2,Mainz-Kastel - Wiesbaden Ost,
2022-08-05 14:02,2022-08-05 14:46,0:44,Wiesbaden Hbf,Darmstadt Hbf,RB,75,41.3,Darmstadt Hbf - Wiesbaden Hbf,
2022-08-05 15:53,2022-08-05 16:45,0:52,Darmstadt Hbf,Mannheim Hbf,RE,4671,59.4,Darmstadt Hbf - Mannheim Hbf,
2022-08-05 16:46,2022-08-05 18:55,2:09,Mannheim Hbf,Basel SBB,ICE,77,253.7,Basel SBB - Mannheim Hbf,
2022-08-09 07:16,2022-08-09 07:39,0:23,St-Louis,Mulhouse,TER,96104,27,Mulhouse - St-Louis,
2022-08-09 07:57,2022-08-09 12:54,4:57,Mulhouse,Montpellier St-Roch,TGV InOui,5521,711.6,Montpellier St-Roch - Mulhouse,
2022-08-09 13:07,2022-08-09 15:15,2:08,Montpellier St-Roch,Toulouse Matabiau,Intercités,4760,247,Montpellier St-Roch - Toulouse Matabiau,
2022-08-17 10:46,2022-08-17 12:51,2:05,Toulouse Matabiau,Montpellier St-Roch,Intercités,4760,247,Montpellier St-Roch - Toulouse Matabiau,
2022-08-17 13:58,2022-08-17 19:08,5:10,Montpellier St-Roch,Mulhouse,TGV InOui,5500,711.6,Montpellier St-Roch - Mulhouse,
2022-08-17 19:16,2022-08-17 19:29,0:13,Mulhouse,St-Louis,TER,96281,27,Mulhouse - St-Louis,
2022-08-22 16:00,2022-08-22 16:08,0:08,St-Louis,Basel SBB,TER,96223,6.8,Basel SBB - St-Louis,
2022-08-22 19:08,2022-08-22 19:16,0:08,Basel SBB,St-Louis,TER,96136,6.8,Basel SBB - St-Louis,
2022-08-23 07:16,2022-08-23 07:39,0:23,St-Louis,Mulhouse,TER,96104,27,Mulhouse - St-Louis,
2022-08-23 07:57,2022-08-23 12:54,4:57,Mulhouse,Montpellier St-Roch,TGV InOui,5521,711.6,Montpellier St-Roch - Mulhouse,
2022-08-23 13:07,2022-08-23 15:15,2:08,Montpellier St-Roch,Toulouse Matabiau,Intercités,4760,247,Montpellier St-Roch - Toulouse Matabiau,
2022-09-17 06:24,2022-09-17 10:56,4:32,Toulouse Matabiau,Paris Montparnasse,TGV InOui,8502,793.9,Paris Montparnasse - Toulouse Matabiau,
2022-09-22 22:12,2022-09-23 06:42,8:30,Paris Austerlitz,Toulouse Matabiau,Intercités de Nuit,3751,713.2,Paris Austerlitz - Toulouse Matabiau,
2022-12-19 10:45,2022-12-19 12:54,2:09,Toulouse Matabiau,Montpellier St-Roch,Intercités,4657,247,Montpellier St-Roch - Toulouse Matabiau,
2022-12-19 13:58,2022-12-19 19:09,5:11,Montpellier St-Roch,Mulhouse,TGV InOui,5500,711.6,Montpellier St-Roch - Mulhouse,
2022-12-19 19:29,2022-12-19 19:52,0:23,Mulhouse,St-Louis,TER,96141,27,Mulhouse - St-Louis,
2023-01-02 07:16,2023-01-02 07:39,0:23,St-Louis,Mulhouse,TER,96104,27,Mulhouse - St-Louis,
2023-01-02 07:52,2023-01-02 12:54,5:02,Mulhouse,Montpellier St-Roch,TGV InOui,5521,711.6,Montpellier St-Roch - Mulhouse,
2023-01-02 13:06,2023-01-02 15:18,2:12,Montpellier St-Roch,Toulouse Matabiau,Intercités,4760,247,Montpellier St-Roch - Toulouse Matabiau,
2023-02-17 10:45,2023-02-17 12:54,2:09,Toulouse Matabiau,Montpellier St-Roch,Intercités,4657,247,Montpellier St-Roch - Toulouse Matabiau,
2023-02-17 13:58,2023-02-17 19:09,5:11,Montpellier St-Roch,Mulhouse,TGV InOui,2204,711.6,Montpellier St-Roch - Mulhouse,
2023-02-17 19:17,2023-02-17 19:30,0:13,Mulhouse,St-Louis,TER,96281,27,Mulhouse - St-Louis,
2023-02-18 14:33,2023-02-18 16:52,2:19,Basel SBB,Chur,IC,575,206.2,Basel SBB - Chur,
2023-02-25 10:37,2023-02-25 12:53,2:16,Chur,Basel SBB,IC,568,206.2,Basel SBB - Chur,
2023-02-26 07:30,2023-02-26 07:44,0:14,St-Louis,Mulhouse,TER,96210,27,Mulhouse - St-Louis,
2023-02-26 07:52,2023-02-26 12:54,5:02,Mulhouse,Montpellier St-Roch,TGV InOui,2203,711.6,Montpellier St-Roch - Mulhouse,
2023-02-26 15:06,2023-02-26 17:18,2:12,Montpellier St-Roch,Toulouse Matabiau,Intercités,4762,247,Montpellier St-Roch - Toulouse Matabiau,
2023-04-07 18:50,2023-04-07 19:42,0:52,Toulouse Matabiau,Castelnaudary,TER,876209,54.9,Castelnaudary - Toulouse Matabiau,
2023-04-07 21:37,2023-04-08 06:33,8:56,Castelnaudary,Paris Austerlitz,Intercités de Nuit,3738,891.3,Castelnaudary - Paris Austerlitz,
2023-04-08 07:15,2023-04-08 10:26,3:11,Paris Gare de Lyon,Basel SBB,TGV Lyria,9203,524.4,Basel SBB - Paris Gare de Lyon,
2023-04-10 07:30,2023-04-10 07:44,0:14,St-Louis,Mulhouse,TER,96210,27,Mulhouse - St-Louis,
2023-04-10 07:52,2023-04-10 12:55,5:03,Mulhouse,Montpellier St-Roch,TGV InOui,2203,711.6,Montpellier St-Roch - Mulhouse,
2023-04-10 13:07,2023-04-10 15:12,2:05,Montpellier St-Roch,Toulouse Matabiau,Intercités,4760,247,Montpellier St-Roch - Toulouse Matabiau,
2023-05-27 11:35,2023-05-27 15:05,3:30,Toulouse Matabiau,Bayonne,Intercités,14143,321.6,Bayonne - Toulouse Matabiau,
2023-05-27 15:22,2023-05-27 15:30,0:08,Bayonne,Biarritz,TER NA,F51,9.7,Bayonne - Biarritz,
2023-05-29 10:40,2023-05-29 14:29,3:49,Biarritz,Toulouse Matabiau,Intercités,14142,327.3,Biarritz - Toulouse Matabiau,
2023-07-20 10:45,2023-07-20 12:52,2:07,Toulouse Matabiau,Montpellier St-Roch,Intercités,4657,247,Montpellier St-Roch - Toulouse Matabiau,
2023-07-20 13:55,2023-07-20 19:09,5:14,Montpellier St-Roch,Mulhouse,TGV InOui,2204,711.6,Montpellier St-Roch - Mulhouse,
2023-07-20 19:19,2023-07-20 19:42,0:23,Mulhouse,St-Louis,TER,96141,27,Mulhouse - St-Louis,
2023-07-23 13:04,2023-07-23 13:36,0:32,Thann Saint-Jacques,Mulhouse,TER,831639,21.3,Mulhouse - Thann Saint-Jacques,
2023-07-23 14:40,2023-07-23 17:56,3:16,Mulhouse,Lyon Part-Dieu,TGV InOui,5537,396.8,Lyon Part-Dieu - Mulhouse,
2023-07-23 18:09,2023-07-23 22:19,4:10,Lyon Part-Dieu,Toulouse Matabiau,TGV InOui,6825,561.1,Lyon Part-Dieu - Toulouse Matabiau,
2023-08-11 07:16,2023-08-11 08:52,1:36,Toulouse Matabiau,Narbonne,TER,876251,149.5,Narbonne - Toulouse Matabiau,
2023-08-11 09:06,2023-08-11 10:43,1:37,Narbonne,Nîmes Centre,TER,876408,147.2,Narbonne - Nîmes Centre,
2023-08-11 17:13,2023-08-11 18:52,1:39,Nîmes Centre,Narbonne,TER,876425,147.2,Narbonne - Nîmes Centre,
2023-08-11 19:08,2023-08-11 20:43,1:35,Narbonne,Toulouse Matabiau,TER,876262,149.5,Narbonne - Toulouse Matabiau,
2023-08-13 09:17,2023-08-13 10:23,1:06,Toulouse Matabiau,Albi Ville,TER,870050,74.4,Albi Ville - Toulouse Matabiau,
2023-08-13 12:17,2023-08-13 13:36,1:19,Albi Ville,Rodez,TER,870006,82.2,Albi Ville - Rodez,
2023-08-13 16:36,2023-08-13 18:07,1:31,Rodez,Gaillac,TER,870013,103,Gaillac - Rodez,
2023-08-13 19:49,2023-08-13 20:31,0:42,Gaillac,Toulouse Matabiau,TER,871221,53.6,Gaillac - Toulouse Matabiau,
2023-08-14 07:50,2023-08-14 09:30,1:40,Toulouse Matabiau,Mazamet,TER,872402,105.2,Mazamet - Toulouse Matabiau,
2023-08-14 12:31,2023-08-14 12:49,0:18,Mazamet,Castres,TER,872460,19.1,Castres - Mazamet,
2023-08-14 14:55,2023-08-14 16:02,1:07,Castres,Toulouse Matabiau,TER,872462,85.7,Castres - Toulouse Matabiau,
2023-08-15 08:28,2023-08-15 10:40,2:12,Toulouse Matabiau,Bordeaux St-Jean,TGV InOui,8504,256.5,Bordeaux St-Jean - Toulouse Matabiau,
2023-08-15 21:20,2023-08-15 23:31,2:11,Bordeaux St-Jean,Toulouse Matabiau,TGV InOui,12213,256.5,Bordeaux St-Jean - Toulouse Matabiau,
2023-10-05 10:45,2023-10-05 12:54,2:09,Toulouse Matabiau,Montpellier St-Roch,Intercités,4657,247,Montpellier St-Roch - Toulouse Matabiau,"Accident de personne à Escalquens, départ avec 2h40 de retard de Toulouse. Hôtel à Montpellier payé par SNCF, ainsi que trajet le lendemain."
2023-10-06 08:50,2023-10-06 12:18,3:28,Montpellier St-Roch,Paris Gare de Lyon,TGV InOui,6030,738.9,Montpellier St-Roch - Paris Gare de Lyon,
2023-10-06 14:22,2023-10-06 17:02,2:40,Paris Gare de Lyon,Mulhouse,TGV Lyria,9215,490.4,Mulhouse - Paris Gare de Lyon,
2023-10-06 17:16,2023-10-06 17:29,0:13,Mulhouse,St-Louis,TER,96227,27,Mulhouse - St-Louis,
2023-10-08 13:21,2023-10-08 13:35,0:14,Lausanne,Vevey,IR,1721,18.4,Lausanne - Vevey,
2023-10-16 08:22,2023-10-16 09:58,1:36,Basel Badischer Bahnhof,Karlsruhe Hbf,ICE,372,191.3,Basel Badischer Bahnhof - Karlsruhe Hbf,10min retard
2023-10-16 10:06,2023-10-16 11:00,0:54,Karlsruhe Hbf,Stuttgart Hbf,IRE,1,86.7,Karlsruhe Hbf - Stuttgart Hbf,20min retard
2023-10-16 11:28,2023-10-16 11:36,0:08,Stuttgart Hbf,Stuttgart-Zuffenhausen,S5,,6.3,Stuttgart Hbf - Stuttgart-Zuffenhausen,
2023-10-16 12:47,2023-10-16 12:53,0:06,Stuttgart-Zuffenhausen,Ludwigsburg,S4,,7.4,Ludwigsburg - Stuttgart-Zuffenhausen,5min retard
2023-10-16 18:06,2023-10-16 18:13,0:07,Ludwigsburg ,Stuttgart-Zuffenhausen,S4,,7.4,Ludwigsburg  - Stuttgart-Zuffenhausen,
2023-10-18 11:51,2023-10-18 12:28,0:37,Stuttgart Hbf,Mannheim Hbf,ICE,610,106.6,Mannheim Hbf - Stuttgart Hbf,
2023-10-18 12:36,2023-10-18 14:15,1:39,Mannheim Hbf,Saarbrücken Hbf,RE,1,130.2,Mannheim Hbf - Saarbrücken Hbf,4min retard
2023-10-19 10:01,2023-10-19 10:13,0:12,Saarbrücken Hbf,Völklingen,RB,70,10.6,Saarbrücken Hbf - Völklingen,
2023-10-19 13:32,2023-10-19 13:41,0:09,Völklingen,Saarbrücken Hbf,RE,1,10.6,Saarbrücken Hbf - Völklingen,5min retard
2023-10-20 09:39,2023-10-20 11:25,1:46,Saarbrücken Hbf,Strasbourg,RE,19,114.7,Saarbrücken Hbf - Strasbourg,
2023-10-20 15:51,2023-10-20 17:08,1:17,Strasbourg,Basel SBB,TER,96225,141.5,Basel SBB - Strasbourg,
2023-10-23 08:22,2023-10-23 15:36,7:14,Basel Badischer Bahnhof,Hamburg Hbf,ICE,372,864,Basel Badischer Bahnhof - Hamburg Hbf,28min retard
2023-10-24 08:21,2023-10-24 10:50,2:29,Hamburg Hbf,Rostock Hbf,RE,1,210.2,Hamburg Hbf - Rostock Hbf,17min retard
2023-10-24 11:48,2023-10-24 12:09,0:21,Rostock Hbf,Warnemünde,S2,,13.4,Rostock Hbf - Warnemünde,
2023-10-24 13:33,2023-10-24 13:40,0:07,Warnemünde,Rostock-Lütten Klein,S1,,5,Rostock-Lütten Klein - Warnemünde,
2023-10-24 15:41,2023-10-24 15:55,0:14,Rostock-Lütten Klein,Rostock Hbf,S1,,8.4,Rostock Hbf - Rostock-Lütten Klein,
2023-10-25 09:00,2023-10-25 10:55,1:55,Rostock Hbf,Ostseebad Binz,RE,9,123.1,Ostseebad Binz - Rostock Hbf,
2023-10-25 12:40,2023-10-25 13:05,0:25,Binz LB,Sellin Ost,PRE,105,8.2,Binz LB - Sellin Ost,
2023-10-25 15:53,2023-10-25 16:37,0:44,Göhren,Binz LB,PRE,108,13.2,Binz LB - Göhren,
2023-10-25 17:02,2023-10-25 18:55,1:53,Ostseebad Binz,Rostock Hbf,RE,9,123.1,Ostseebad Binz - Rostock Hbf,
2023-10-26 08:11,2023-10-26 10:03,1:52,Rostock Hbf,Züssow,RE,10,121.1,Rostock Hbf - Züssow,"12min retard, train suivant attend"
2023-10-26 10:08,2023-10-26 10:47,0:39,Züssow,Zinnowitz,RB,23,28.1,Zinnowitz - Züssow,4min de retard
2023-10-26 11:13,2023-10-26 11:27,0:14,Zinnowitz,Peenemünde,RB,24,12.7,Peenemünde - Zinnowitz,
2023-10-26 15:32,2023-10-26 15:46,0:14,Peenemünde,Zinnowitz,RB,24,12.7,Peenemünde - Zinnowitz,
2023-10-26 16:11,2023-10-26 16:48,0:37,Zinnowitz,Züssow,RB,23,28.1,Zinnowitz - Züssow,
2023-10-26 17:05,2023-10-26 17:43,0:38,Züssow,Stralsund Hbf,RE,3,48.8,Stralsund Hbf - Züssow,
2023-10-26 17:59,2023-10-26 18:55,0:56,Stralsund Hbf,Rostock Hbf,RE,9,73.1,Rostock Hbf - Stralsund Hbf,
2023-10-27 08:21,2023-10-27 10:23,2:02,Rostock Hbf,Berlin Hbf,IC,2175,222.8,Berlin Hbf - Rostock Hbf,
2023-10-27 11:01,2023-10-27 13:07,2:06,Berlin Hbf,Dresden Hbf,EC,379,194.8,Berlin Hbf - Dresden Hbf,5min retard
2023-10-29 09:23,2023-10-29 10:30,1:07,Dresden Hbf,Leipzig Hbf,IC,2548,124.8,Dresden Hbf - Leipzig Hbf,
,,,,,,,,,
2023-10-31 09:48,2023-10-31 11:52,2:04,Leipzig Hbf,Nürnberg Hbf,ICE,505,311.2,Leipzig Hbf - Nürnberg Hbf,
,,,,,,,,,
2023-11-01 13:30,2023-11-01 15:36,2:06,Nürnberg Hbf,Frankfurt (Main) Hbf,ICE,28,226.1,Frankfurt (Main) Hbf - Nürnberg Hbf,
2023-11-01 16:06,2023-11-01 18:46,2:40,Frankfurt (Main) Hbf,Basel Badischer Bahnhof,ICE,77,328.1,Basel Badischer Bahnhof - Frankfurt (Main) Hbf,
,,,,,,,,,
2023-11-02 07:29,2023-11-02 07:44,0:15,St-Louis,Mulhouse,TER,96210,27,Mulhouse - St-Louis,
2023-11-02 07:52,2023-11-02 12:54,5:02,Mulhouse,Montpellier St-Roch,TGV InOui,5521,711.6,Montpellier St-Roch - Mulhouse,
2023-11-02 13:06,2023-11-02 15:18,2:12,Montpellier St-Roch,Toulouse Matabiau,Intercités,4760,247,Montpellier St-Roch - Toulouse Matabiau,
,,,,,,,,,
2023-12-23 10:43,2023-12-23 12:56,2:13,Toulouse Matabiau,Montpellier St-Roch,Intercités,4657,247,Montpellier St-Roch - Toulouse Matabiau,
2023-12-23 13:57,2023-12-23 19:09,5:12,Montpellier St-Roch,Mulhouse,TGV InOui,5500,711.6,Montpellier St-Roch - Mulhouse,
2023-12-23 19:19,2023-12-23 19:42,0:23,Mulhouse,St-Louis,TER,96141,27,Mulhouse - St-Louis,
,,,,,,,,,
2023-12-26 09:29,2023-12-26 10:39,1:10,St-Louis,Strasbourg,TER,96218,134.8,St-Louis - Strasbourg,
2023-12-26 10:47,2023-12-26 12:33,1:46,Strasbourg,Paris Gare de l’Est,TGV InOui,2356,438.7,Paris Gare de l’Est - Strasbourg,
2023-12-26 14:42,2023-12-26 16:02,1:20,Paris Gare du Nord,London Saint-Pancras International,Eurostar,9037,490.8,London Saint-Pancras International - Paris Gare du Nord,
,,,,,,,,,
2023-12-28 08:33,2023-12-28 10:44,2:11,London Euston,Manchester Picadilly,Avanti West Coast ,,303.5,London Euston - Manchester Picadilly,
2023-12-28 16:15,2023-12-28 18:27,2:12,Manchester Picadilly,London Euston,Avanti West Coast ,,303.5,London Euston - Manchester Picadilly,
,,,,,,,,,
2024-01-01 10:24,2024-01-01 13:48,3:24,London Saint-Pancras International,Paris Gare du Nord,Eurostar,9018,490.8,London Saint-Pancras International - Paris Gare du Nord,