Departure (Local),Arrival (Local),Duration,Origin,Destination,Price,Reimb,Operator,Train type,Train number,Distance (km),€/km,AVG,Alphabetical trip,,,
656,656,903:27:00,37 days,15 hours,"€6,558.57",€250.97,,27 minutes,,101730.39,€0.66,282.9,AUTOMATIC,Commentaire,,
2013-08-03,2013-08-03,1:09,St-Louis,Strasbourg,,,SNCF,TER,,134.8,€0.00,117.2,St-Louis - Strasbourg,,,
2013-08-03,2013-08-03,2:17,Strasbourg,Paris Gare de l’Est,,,SNCF,TGV,,438.7,€0.00,192.1,Paris Gare de l’Est - Strasbourg,,,
2013-08-03,2013-08-03,4:30,Paris Austerlitz,Brive-la-Gaillarde,,,SNCF,Intercités,,498.8,€0.00,110.8,Brive-la-Gaillarde - Paris Austerlitz,,,
2013-08-17,2013-08-17,4:30,Brive-la-Gaillarde,Paris Austerlitz,,,SNCF,Intercités,,498.8,€0.00,110.8,Brive-la-Gaillarde - Paris Austerlitz,,,
2013-08-17,2013-08-17,2:17,Paris Gare de l’Est,Strasbourg,,,SNCF,TGV,,438.7,€0.00,192.1,Paris Gare de l’Est - Strasbourg,,,
2013-08-17,2013-08-17,1:09,Strasbourg,St-Louis,,,SNCF,TER,,134.8,€0.00,117.2,St-Louis - Strasbourg,,,
2014-03-08 07:40,2014-03-08 08:50,1:10,Basel SBB,Zürich Oerlikon,,,SBB,,,95.9,€0.00,82.2,Basel SBB - Zürich Oerlikon,,,
2014-03-08 08:58,2014-03-08 09:05,0:07,Zürich Oerlikon,Kloten,,,SBB,,,5.3,€0.00,45.4,Kloten - Zürich Oerlikon,,,
2014-03-08,2014-03-08,0:11,Kloten,Zürich Oerlikon,,,SBB,,,5.3,€0.00,28.9,Kloten - Zürich Oerlikon,,,
2014-03-08,2014-03-08,1:26,Zürich Oerlikon,Basel SBB,,,SBB,,,95.9,€0.00,66.9,Basel SBB - Zürich Oerlikon,,,
2015-03-12,2015-03-12,0:53,Basel SBB,Bern,,,SBB,,,100.3,€0.00,113.5,Basel SBB - Bern,,,
2015-03-12,2015-03-12,1:06,Bern,Lausanne,,,SBB,,,96.7,€0.00,87.9,Bern - Lausanne,,,
2015-03-12,2015-03-12,1:06,Lausanne,Bern,,,SBB,,,96.7,€0.00,87.9,Bern - Lausanne,,,
2015-03-12,2015-03-12,0:53,Bern,Basel SBB,,,SBB,,,100.3,€0.00,113.5,Basel SBB - Bern,,,
2015-03-13 16:34,2015-03-13 19:38,3:04,Basel SBB,Paris Gare de Lyon,€191.50,,SNCF,TGV Lyria,9226,524.4,€0.18,171.0,Basel SBB - Paris Gare de Lyon,,,
2015-03-15 18:23,2015-03-15 21:25,3:02,Paris Gare de Lyon,Basel SBB,,,SNCF,TGV Lyria,9223,524.4,,172.9,Basel SBB - Paris Gare de Lyon,,,
2015-07-12 06:40,2015-07-12 07:56,1:16,Basel SBB,Zürich Flughafen,,,SBB,IR,2059,100.1,€0.00,79.0,Basel SBB - Zürich Flughafen,,,
2015-08-21 12:34,2015-08-21 15:37,3:03,Basel SBB,Paris Gare de Lyon,€98.00,,SNCF,TGV Lyria,9218,524.4,€0.09,171.9,Basel SBB - Paris Gare de Lyon,,,
2015-08-24 07:23,2015-08-24 10:26,3:03,Paris Gare de Lyon,Basel SBB,,,SNCF,TGV Lyria,9203,524.4,,171.9,Basel SBB - Paris Gare de Lyon,,,
2015-11-27 14:34,2015-11-27 17:37,3:03,Basel SBB,Paris Gare de Lyon,,,SNCF,TGV Lyria,9222,524.4,€0.00,171.9,Basel SBB - Paris Gare de Lyon,,,
2015-11-29 16:23,2015-11-29 19:26,3:03,Paris Gare de Lyon,Basel SBB,,,SNCF,TGV Lyria,9219,524.4,€0.00,171.9,Basel SBB - Paris Gare de Lyon,,,
2016-02-07 07:09,2016-02-07 07:27,0:18,Basel SBB,Sierentz,€4.00,,SNCF,TER,96104,17.1,€0.23,57.0,Basel SBB - Sierentz,,,
2016-07-01 14:34,2016-07-01 17:37,3:03,Basel SBB,Paris Gare de Lyon,€126.10,,SNCF,TGV Lyria,9222,524.4,€0.12,171.9,Basel SBB - Paris Gare de Lyon,,,
2016-07-03 16:23,2016-07-03 19:26,3:03,Paris Gare de Lyon,Basel SBB,,,SNCF,TGV Lyria,9219,524.4,,171.9,Basel SBB - Paris Gare de Lyon,,,
2016-07-30 10:59,2016-07-30 11:26,0:27,Wien Hbf,Baden bei Wien Bahnhof,,,OBB,REX,1,25.9,€0.00,57.6,Baden bei Wien Bahnhof - Wien Hbf,,,
2016-07-30 17:33,2016-07-30 17:59,0:26,Baden bei Wien Bahnhof,Wien Hbf,,,OBB,REX,1,25.9,€0.00,59.8,Baden bei Wien Bahnhof - Wien Hbf,,,
2016-12-01 06:31,2016-12-01 07:24,0:53,Basel SBB,Bern,,,SBB,EC,51,100.3,€0.00,113.5,Basel SBB - Bern,,,
2016-12-01 07:34,2016-12-01 08:40,1:06,Bern,Lausanne,,,SBB,IC,706,96.7,€0.00,87.9,Bern - Lausanne,,,
2016-12-01 17:20,2016-12-01 18:26,0:53,Lausanne,Bern,,,SBB,IC,729,96.7,€0.00,109.5,Bern - Lausanne,,,
2016-12-01 18:36,2016-12-01 19:29,0:53,Bern,Basel SBB,,,SBB,IC,1080,100.3,€0.00,113.5,Basel SBB - Bern,,,
2017-02-03 08:00,2017-02-03 09:09,1:09,St-Louis,Strasbourg,€11.60,,SNCF,TER ,96212,134.8,€0.09,117.2,St-Louis - Strasbourg,,,
2017-02-03 15:21,2017-02-03 16:30,1:09,Strasbourg,St-Louis,€11.60,,SNCF,TER,96263,134.8,€0.09,117.2,St-Louis - Strasbourg,,,
2017-04-20 06:54,2017-04-20 07:15,0:21,St-Louis,Mulhouse,€4.60,,SNCF,TER,96208,27,€0.17,77.1,Mulhouse - St-Louis,,,
2017-06-23 15:40,2017-06-23 15:51,0:11,St-Louis,Sierentz,€2.10,,SNCF,TER,,10.3,€0.20,56.2,Sierentz - St-Louis,,,
2017-06-28 15:24,2017-06-28 16:39,1:15,St-Louis,Strasbourg,,,SNCF,TER,96228,134.8,€0.00,107.8,St-Louis - Strasbourg,,,
2017-06-28 21:21,2017-06-28 22:36,1:15,Strasbourg,St-Louis,,,SNCF,TER,96241,134.8,€0.00,107.8,St-Louis - Strasbourg,,,
2017-07-28 14:34,2017-07-28 18:06,3:32,Basel SBB,Paris Gare de Lyon,€58.00,,SNCF,TGV Lyria,9222,524.4,€0.06,148.4,Basel SBB - Paris Gare de Lyon,,,
2017-08-07 07:23,2017-08-07 10:26,3:03,Paris Gare de Lyon,Basel SBB,,,SNCF,TGV Lyria,9203,524.4,,171.9,Basel SBB - Paris Gare de Lyon,,,
2017-09-11 08:47,2017-09-11 08:59,0:12,Le Lussex,Lausanne-Flon,€0.00,,TL,LEB,,5,€0.00,25.0,Lausanne-Flon - Le Lussex,,,
2017-09-11 13:35,2017-09-11 13:47,0:12,Lausanne-Flon,Le Lussex,€0.00,,TL,LEB,,5,€0.00,25.0,Lausanne-Flon - Le Lussex,,,
2017-09-12 08:06,2017-09-12 08:18,0:12,Le Lussex,Lausanne-Flon,€0.00,,TL,LEB,,5,€0.00,25.0,Lausanne-Flon - Le Lussex,,,
2017-09-12 18:48,2017-09-12 19:00,0:12,Lausanne-Flon,Le Lussex,€0.00,,TL,LEB,,5,€0.00,25.0,Lausanne-Flon - Le Lussex,,,
2017-09-13 07:36,2017-09-13 07:48,0:12,Le Lussex,Lausanne-Flon,€0.00,,TL,LEB,,5,€0.00,25.0,Lausanne-Flon - Le Lussex,,,
2017-09-13 17:21,2017-09-13 17:33,0:12,Lausanne-Flon,Le Lussex,€0.00,,TL,LEB,,5,€0.00,25.0,Lausanne-Flon - Le Lussex,,,
2017-09-14 08:06,2017-09-14 08:18,0:12,Le Lussex,Lausanne-Flon,€0.00,,TL,LEB,,5,€0.00,25.0,Lausanne-Flon - Le Lussex,,,
2017-09-14 15:01,2017-09-14 15:13,0:12,Lausanne-Flon,Le Lussex,€0.00,,TL,LEB,,5,€0.00,25.0,Lausanne-Flon - Le Lussex,,,
2017-09-15 07:51,2017-09-15 08:03,0:12,Le Lussex,Lausanne-Flon,€0.00,,TL,LEB,,5,€0.00,25.0,Lausanne-Flon - Le Lussex,,,
2017-09-15 22:32,2017-09-15 22:44,0:12,Lausanne-Flon,Le Lussex,€0.00,,TL,LEB,,5,€0.00,25.0,Lausanne-Flon - Le Lussex,,,
2017-09-19 06:58,2017-09-19 07:10,0:12,Le Lussex,Lausanne-Flon,€0.00,,TL,LEB,,5,€0.00,25.0,Lausanne-Flon - Le Lussex,,,
2017-09-19 18:02,2017-09-19 18:14,0:12,Lausanne-Flon,Le Lussex,€0.00,,TL,LEB,,5,€0.00,25.0,Lausanne-Flon - Le Lussex,,,
2017-09-20 09:04,2017-09-20 09:16,0:12,Le Lussex,Lausanne-Flon,€0.00,,TL,LEB,,5,€0.00,25.0,Lausanne-Flon - Le Lussex,,,
2017-09-20 20:47,2017-09-20 20:59,0:12,Lausanne-Flon,Le Lussex,€0.00,,TL,LEB,,5,€0.00,25.0,Lausanne-Flon - Le Lussex,,,
2017-09-21 07:50,2017-09-21 08:02,0:12,Le Lussex,Lausanne-Flon,€0.00,,TL,LEB,,5,€0.00,25.0,Lausanne-Flon - Le Lussex,,,
2017-09-21 15:51,2017-09-21 16:03,0:12,Lausanne-Flon,Le Lussex,€0.00,,TL,LEB,,5,€0.00,25.0,Lausanne-Flon - Le Lussex,,,
2017-09-22 07:04,2017-09-22 07:16,0:12,Le Lussex,Lausanne-Flon,€0.00,,TL,LEB,,5,€0.00,25.0,Lausanne-Flon - Le Lussex,,,
2017-09-22 15:41,2017-09-22 15:53,0:12,Lausanne-Flon,Le Lussex,€0.00,,TL,LEB,,5,€0.00,25.0,Lausanne-Flon - Le Lussex,,,
2017-09-22 18:35,2017-09-22 18:47,0:12,Le Lussex,Lausanne-Flon,€0.00,,TL,LEB,,5,€0.00,25.0,Lausanne-Flon - Le Lussex,,,
2017-09-22 19:20,2017-09-22 20:26,1:06,Lausanne,Bern,€0.00,,SBB,IC,733,96.7,€0.00,87.9,Bern - Lausanne,,,
2017-09-22 20:36,2017-09-22 21:29,0:53,Bern,Basel SBB,€0.00,,SBB,IC,1084,100.3,€0.00,113.5,Basel SBB - Bern,,,
2017-09-24 19:31,2017-09-24 20:24,0:53,Basel SBB,Bern,€0.00,,SBB,IC,1085,100.3,€0.00,113.5,Basel SBB - Bern,,,
2017-09-24 20:34,2017-09-24 21:40,1:06,Bern,Lausanne,€0.00,,SBB,IC,732,96.7,€0.00,87.9,Bern - Lausanne,,,
2017-09-24 22:01,2017-09-24 22:13,0:12,Lausanne-Flon,Le Lussex,€0.00,,TL,LEB,,5,€0.00,25.0,Lausanne-Flon - Le Lussex,,,
2017-09-25 07:09,2017-09-25 07:21,0:12,Le Lussex,Lausanne-Flon,€0.00,,TL,LEB,,5,€0.00,25.0,Lausanne-Flon - Le Lussex,,,
2017-09-25 15:34,2017-09-25 15:46,0:12,Lausanne-Flon,Le Lussex,€0.00,,TL,LEB,,5,€0.00,25.0,Lausanne-Flon - Le Lussex,,,
2017-09-26 07:18,2017-09-26 07:30,0:12,Le Lussex,Lausanne-Flon,€0.00,,TL,LEB,,5,€0.00,25.0,Lausanne-Flon - Le Lussex,,,
2017-09-26 17:36,2017-09-26 17:48,0:12,Lausanne-Flon,Le Lussex,€0.00,,TL,LEB,,5,€0.00,25.0,Lausanne-Flon - Le Lussex,,,
2017-09-27 09:17,2017-09-27 09:29,0:12,Le Lussex,Lausanne-Flon,€0.00,,TL,LEB,,5,€0.00,25.0,Lausanne-Flon - Le Lussex,,,
2017-09-27 19:47,2017-09-27 19:59,0:12,Lausanne-Flon,Le Lussex,€0.00,,TL,LEB,,5,€0.00,25.0,Lausanne-Flon - Le Lussex,,,
2017-09-28 09:15,2017-09-28 09:27,0:12,Le Lussex,Lausanne-Flon,€0.00,,TL,LEB,,5,€0.00,25.0,Lausanne-Flon - Le Lussex,,,
2017-09-28 13:34,2017-09-28 13:46,0:12,Lausanne-Flon,Le Lussex,€0.00,,TL,LEB,,5,€0.00,25.0,Lausanne-Flon - Le Lussex,,,
2017-09-28 17:01,2017-09-28 17:13,0:12,Lausanne-Flon,Le Lussex,€0.00,,TL,LEB,,5,€0.00,25.0,Lausanne-Flon - Le Lussex,,,
2017-09-29 07:04,2017-09-29 07:16,0:12,Le Lussex,Lausanne-Flon,€0.00,,TL,LEB,,5,€0.00,25.0,Lausanne-Flon - Le Lussex,,,
2017-09-30 20:06,2017-09-30 20:18,0:12,Lausanne-Flon,Le Lussex,€0.00,,TL,LEB,,5,€0.00,25.0,Lausanne-Flon - Le Lussex,,,
2017-09-30 20:47,2017-09-30 20:59,0:12,Le Lussex,Lausanne-Flon,€0.00,,TL,LEB,,5,€0.00,25.0,Lausanne-Flon - Le Lussex,,,
2017-10-06 19:20,2017-10-06 20:26,1:06,Lausanne,Bern,€0.00,,SBB,IC,733,96.7,€0.00,87.9,Bern - Lausanne,,,
2017-10-06 20:36,2017-10-06 21:29,0:53,Bern,Basel SBB,€0.00,,SBB,IC,1084,100.3,€0.00,113.5,Basel SBB - Bern,,,
2017-10-08 19:31,2017-10-08 20:24,0:53,Basel SBB,Bern,€0.00,,SBB,IC,1085,100.3,€0.00,113.5,Basel SBB - Bern,,,
2017-10-08 20:34,2017-10-08 21:40,1:06,Bern,Lausanne,€0.00,,SBB,IC,732,96.7,€0.00,87.9,Bern - Lausanne,,,
2017-10-20 19:20,2017-10-20 20:26,1:06,Lausanne,Bern,€0.00,,SBB,IC,733,96.7,€0.00,87.9,Bern - Lausanne,,,
2017-10-20 20:36,2017-10-20 21:29,0:53,Bern,Basel SBB,€0.00,,SBB,IC,1084,100.3,€0.00,113.5,Basel SBB - Bern,,,
2017-10-20 21:39,2017-10-20 22:05,0:26,Basel SBB,Rixheim,€5.10,,SNCF,TER,96142,28.3,€0.18,65.3,Basel SBB - Rixheim,,,
2017-10-21 17:24,2017-10-21 17:32,0:08,Rixheim,Sierentz,€2.40,,SNCF,TER,96133,11.2,€0.21,84.0,Rixheim - Sierentz,,,
2017-10-22 08:57,2017-10-22 09:05,0:08,Sierentz,Rixheim,€2.40,,SNCF,TER,96110,11.2,€0.21,84.0,Rixheim - Sierentz,,,
2017-10-22 18:24,2017-10-22 18:50,0:26,Rixheim,Basel SBB,€6.70,,SNCF,TER,96137,28.3,€0.24,65.3,Basel SBB - Rixheim,,,
2017-10-22 19:31,2017-10-22 20:24,0:53,Basel SBB,Bern,€0.00,,SBB,IC,1085,100.3,€0.00,113.5,Basel SBB - Bern,,,
2017-10-22 20:34,2017-10-22 21:40,1:06,Bern,Lausanne,€0.00,,SBB,IC,732,96.7,€0.00,87.9,Bern - Lausanne,,,
2017-11-03 19:20,2017-11-03 20:26,1:06,Lausanne,Bern,€0.00,,SBB,IC,733,96.7,€0.00,87.9,Bern - Lausanne,,,
2017-11-03 20:36,2017-11-03 21:29,0:53,Bern,Basel SBB,€0.00,,SBB,IC,1084,100.3,€0.00,113.5,Basel SBB - Bern,,,
2017-11-05 18:42,2017-11-05 18:50,0:08,St-Louis,Basel SBB,€2.60,,SNCF,TER,96137,6.8,€0.38,51.0,Basel SBB - St-Louis,,,
2017-11-05 19:31,2017-11-05 20:24,0:53,Basel SBB,Bern,€0.00,,SBB,IC,1085,100.3,€0.00,113.5,Basel SBB - Bern,,,
2017-11-05 20:34,2017-11-05 21:40,1:06,Bern,Lausanne,€0.00,,SBB,IC,732,96.7,€0.00,87.9,Bern - Lausanne,,,
2017-11-24 19:20,2017-11-24 20:26,1:06,Lausanne,Bern,€0.00,,SBB,IC,733,96.7,€0.00,87.9,Bern - Lausanne,,,
2017-11-24 20:36,2017-11-24 21:29,0:53,Bern,Basel SBB,€0.00,,SBB,IC,1084,100.3,€0.00,113.5,Basel SBB - Bern,,,
2017-11-26 19:31,2017-11-26 20:24,0:53,Basel SBB,Bern,€0.00,,SBB,IC,1085,100.3,€0.00,113.5,Basel SBB - Bern,,,
2017-11-26 20:34,2017-11-26 21:40,1:06,Bern,Lausanne,€0.00,,SBB,IC,732,96.7,€0.00,87.9,Bern - Lausanne,,,
2017-12-01 19:20,2017-12-01 20:26,1:06,Lausanne,Bern,€0.00,,SBB,IC,733,96.7,€0.00,87.9,Bern - Lausanne,,,
2017-12-01 20:36,2017-12-01 21:29,0:53,Bern,Basel SBB,€0.00,,SBB,IC,1084,100.3,€0.00,113.5,Basel SBB - Bern,,,
2017-12-03 19:31,2017-12-03 20:24,0:53,Basel SBB,Bern,€0.00,,SBB,IC,1085,100.3,€0.00,113.5,Basel SBB - Bern,,,
2017-12-03 20:34,2017-12-03 21:40,1:06,Bern,Lausanne,€0.00,,SBB,IC,732,96.7,€0.00,87.9,Bern - Lausanne,,,
2017-12-22 19:20,2017-12-22 20:26,1:06,Lausanne,Bern,€0.00,,SBB,IC,733,96.7,€0.00,87.9,Bern - Lausanne,,,
2017-12-22 20:36,2017-12-22 21:29,0:53,Bern,Basel SBB,€0.00,,SBB,IC,1084,100.3,€0.00,113.5,Basel SBB - Bern,,,
2018-01-01 19:31,2018-01-01 20:24,0:53,Basel SBB,Bern,€0.00,,SBB,IC,1085,100.3,€0.00,113.5,Basel SBB - Bern,,,
2018-01-01 20:34,2018-01-01 21:40,1:06,Bern,Lausanne,€0.00,,SBB,IC,732,96.7,€0.00,87.9,Bern - Lausanne,,,
2018-01-11 19:20,2018-01-11 20:26,1:06,Lausanne,Bern,€0.00,,SBB,IC,733,96.7,€0.00,87.9,Bern - Lausanne,,,
2018-01-11 20:36,2018-01-11 21:29,0:53,Bern,Basel SBB,€0.00,,SBB,IC,1084,100.3,€0.00,113.5,Basel SBB - Bern,,,
2018-01-12 19:31,2018-01-12 20:24,0:53,Basel SBB,Bern,€0.00,,SBB,IC,1085,100.3,€0.00,113.5,Basel SBB - Bern,,,
2018-01-12 20:34,2018-01-12 21:40,1:06,Bern,Lausanne,€0.00,,SBB,IC,732,96.7,€0.00,87.9,Bern - Lausanne,,,
2018-01-27 19:20,2018-01-27 21:28,2:08,Lausanne,Zürich HB,€0.00,,SBB,IC,733,213.7,€0.00,100.2,Lausanne - Zürich HB,,,
2018-01-27 21:37,2018-01-27 22:52,1:15,Zürich HB,Chur,€0.00,,SBB,IC,597,115.8,€0.00,92.6,Chur - Zürich HB,,,
2018-02-03 19:05,2018-02-03 20:19,1:14,Chur,Zürich HB,€0.00,,SBB,IC,10584,115.8,€0.00,93.9,Chur - Zürich HB,,,
2018-02-03 20:32,2018-02-03 22:40,2:08,Zürich HB,Lausanne,€0.00,,SBB,IC,734,213.7,€0.00,100.2,Lausanne - Zürich HB,,,
2018-02-23 19:20,2018-02-23 20:26,1:06,Lausanne,Bern,€0.00,,SBB,IC,733,96.7,€0.00,87.9,Bern - Lausanne,,,
2018-02-23 20:36,2018-02-23 21:29,0:53,Bern,Basel SBB,€0.00,,SBB,IC,1084,100.3,€0.00,113.5,Basel SBB - Bern,,,
2018-02-25 19:31,2018-02-25 20:24,0:53,Basel SBB,Bern,€0.00,,SBB,IC,1085,100.3,€0.00,113.5,Basel SBB - Bern,,,
2018-02-25 20:34,2018-02-25 21:40,1:06,Bern,Lausanne,€0.00,,SBB,IC,732,96.7,€0.00,87.9,Bern - Lausanne,,,
2018-03-09 19:20,2018-03-09 20:26,1:06,Lausanne,Bern,€0.00,,SBB,IC,733,96.7,€0.00,87.9,Bern - Lausanne,,,
2018-03-09 20:36,2018-03-09 21:29,0:53,Bern,Basel SBB,€0.00,,SBB,IC,1084,100.3,€0.00,113.5,Basel SBB - Bern,,,
2018-03-11 19:31,2018-03-11 20:24,0:53,Basel SBB,Bern,€0.00,,SBB,IC,1085,100.3,€0.00,113.5,Basel SBB - Bern,,,
2018-03-11 20:34,2018-03-11 21:40,1:06,Bern,Lausanne,€0.00,,SBB,IC,732,96.7,€0.00,87.9,Bern - Lausanne,,,
2018-03-16 19:20,2018-03-16 20:26,1:06,Lausanne,Bern,€0.00,,SBB,IC,733,96.7,€0.00,87.9,Bern - Lausanne,,,
2018-03-16 20:36,2018-03-16 21:29,0:53,Bern,Basel SBB,€0.00,,SBB,IC,1084,100.3,€0.00,113.5,Basel SBB - Bern,,,
2018-03-18 19:31,2018-03-18 20:24,0:53,Basel SBB,Bern,€0.00,,SBB,IC,1085,100.3,€0.00,113.5,Basel SBB - Bern,,,
2018-03-18 20:34,2018-03-18 21:40,1:06,Bern,Lausanne,€0.00,,SBB,IC,732,96.7,€0.00,87.9,Bern - Lausanne,,,
2018-04-13 19:20,2018-04-13 20:26,1:06,Lausanne,Bern,€0.00,,SBB,IC,733,96.7,€0.00,87.9,Bern - Lausanne,,,
2018-04-13 20:36,2018-04-13 21:29,0:53,Bern,Basel SBB,€0.00,,SBB,IC,1084,100.3,€0.00,113.5,Basel SBB - Bern,,,
2018-04-15 19:31,2018-04-15 19:55,0:24,Basel SBB,Olten,€0.00,,SBB,IC,10285,31.8,€0.00,79.5,Basel SBB - Olten,,,
2018-04-15 20:02,2018-04-15 21:45,1:43,Olten,Lausanne,€0.00,,SBB,IC,1534,159,€0.00,92.6,Lausanne - Olten,,,
2018-05-18 14:44,2018-05-18 15:56,1:12,Lausanne,Bern,€35.00,,SBB,IR,2525,96.7,€0.18,80.6,Bern - Lausanne,,,
2018-05-18 16:04,2018-05-18 16:59,0:55,Bern,Basel SBB,,,SBB,ICE,376,100.3,,109.4,Basel SBB - Bern,,,
2018-05-20 19:31,2018-05-20 20:24,0:53,Basel SBB,Bern,€0.00,,SBB,IC,1085,100.3,€0.00,113.5,Basel SBB - Bern,,,
2018-05-20 20:34,2018-05-20 21:40,1:06,Bern,Lausanne,€0.00,,SBB,IC,732,96.7,€0.00,87.9,Bern - Lausanne,,,
2018-05-25 19:20,2018-05-25 20:26,1:06,Lausanne,Bern,€0.00,,SBB,IC,733,96.7,€0.00,87.9,Bern - Lausanne,,,
2018-05-25 20:36,2018-05-25 21:29,0:53,Bern,Basel SBB,€0.00,,SBB,IC,1084,100.3,€0.00,113.5,Basel SBB - Bern,,,
2018-05-27 19:31,2018-05-27 19:55,0:24,Basel SBB,Olten,€0.00,,SBB,IC,10185,31.8,€0.00,79.5,Basel SBB - Olten,,,
2018-05-27 20:02,2018-05-27 21:45,1:43,Olten,Lausanne,€0.00,,SBB,IC,1534,159,€0.00,92.6,Lausanne - Olten,,,
2018-06-30 19:20,2018-06-30 20:26,1:06,Lausanne,Bern,€0.00,,SBB,IC,733,96.7,€0.00,87.9,Bern - Lausanne,,,
2018-06-30 20:36,2018-06-30 21:34,0:58,Bern,Basel SBB,€0.00,,SBB,IC,10184,100.3,€0.00,103.8,Basel SBB - Bern,,,
2018-07-30 19:28,2018-07-30 19:55,0:27,Basel SBB,Olten,€0.00,,SBB,IC,10185,31.8,€0.00,70.7,Basel SBB - Olten,,,
2018-07-30 20:02,2018-07-30 21:45,1:43,Olten,Lausanne,€0.00,,SBB,IC,1534,159,€0.00,92.6,Lausanne - Olten,,,
2018-08-04 19:15,2018-08-04 20:57,1:42,Lausanne,Olten,€0.00,,SBB,IC,1537,159,€0.00,93.5,Lausanne - Olten,,,
2018-08-04 21:05,2018-08-04 21:34,0:29,Olten,Basel SBB,€0.00,,SBB,IC,10184,31.8,€0.00,65.8,Basel SBB - Olten,,,
2018-08-05 07:48,2018-08-05 09:31,1:43,Basel Badischer Bahnhof,Ringsheim,,,DB,RE,5334,91.1,€0.00,53.1,Basel Badischer Bahnhof - Ringsheim,,,
2018-08-05 21:04,2018-08-05 22:49,1:45,Ringsheim,Basel Badischer Bahnhof,,,DB,RE,17085,91.1,€0.00,52.1,Basel Badischer Bahnhof - Ringsheim,,,
2018-08-06 07:02,2018-08-06 07:20,0:18,Sierentz,Basel SBB,,,SNCF,TER,,17.1,€0.00,57.0,Basel SBB - Sierentz,,,
2018-08-06 08:28,2018-08-06 08:55,0:27,Basel SBB,Olten,€35.00,,SBB,IC,10163,31.8,€0.18,70.7,Basel SBB - Olten,,,
2018-08-06 09:02,2018-08-06 10:45,1:43,Olten,Lausanne,,,SBB,IC,1512,159,,92.6,Lausanne - Olten,,,
2018-08-09 19:15,2018-08-09 20:57,1:42,Lausanne,Olten,€0.00,,SBB,IC,1537,159,€0.00,93.5,Lausanne - Olten,,,
2018-08-09 21:05,2018-08-09 21:34,0:29,Olten,Basel SBB,€0.00,,SBB,IC,10184,31.8,€0.00,65.8,Basel SBB - Olten,,,
2018-08-11 07:26,2018-08-11 08:58,1:32,Basel Badischer Bahnhof,Ringsheim,,,DB,RE,17040,91.1,€0.00,59.4,Basel Badischer Bahnhof - Ringsheim,,,
2018-08-11 19:26,2018-08-11 21:12,1:46,Ringsheim,Basel Badischer Bahnhof,,,DB,RE,17039,91.1,€0.00,51.6,Basel Badischer Bahnhof - Ringsheim,,,
2018-08-23 13:30,2018-08-23 13:44,0:14,St-Louis,Mulhouse,,,SNCF,TER,96226,27,€0.00,115.7,Mulhouse - St-Louis,,,
2018-09-18 19:04,2018-09-18 19:28,0:24,Basel SBB,Olten,€0.00,,SBB,IC,687,31.8,€0.00,79.5,Basel SBB - Olten,,,
2018-09-18 19:40,2018-09-18 20:51,1:11,Olten,Yverdon-les-Bains,€0.00,,SBB,IC,534,128.1,€0.00,108.3,Olten - Yverdon-les-Bains,,,
2018-09-18 20:57,2018-09-18 21:20,0:23,Yverdon-les-Bains,Renens VD,€0.00,,SBB,S5,12583,35.2,€0.00,91.8,Renens VD - Yverdon-les-Bains,,,
2018-10-05 19:02,2018-10-05 19:09,0:07,Renens VD,Lausanne,€0.00,,SBB,RE,3233,3.9,€0.00,33.4,Lausanne - Renens VD,,,
2018-10-05 19:20,2018-10-05 20:26,1:06,Lausanne,Bern,€0.00,,SBB,IC,733,96.7,€0.00,87.9,Bern - Lausanne,,,
2018-10-05 20:36,2018-10-05 21:29,0:53,Bern,Basel SBB,€0.00,,SBB,IC,1084,100.3,€0.00,113.5,Basel SBB - Bern,,,
2018-10-07 19:31,2018-10-07 20:24,0:53,Basel SBB,Bern,€0.00,,SBB,IC,1085,100.3,€0.00,113.5,Basel SBB - Bern,,,
2018-10-07 20:34,2018-10-07 21:40,1:06,Bern,Lausanne,€0.00,,SBB,IC,732,96.7,€0.00,87.9,Bern - Lausanne,,,
2018-10-07 21:49,2018-10-07 21:54,0:05,Lausanne,Renens VD,€0.00,,SBB,RE,3234,3.9,€0.00,46.8,Lausanne - Renens VD,,,
2018-10-19 19:20,2018-10-19 20:26,1:06,Lausanne,Bern,€0.00,,SBB,IC,733,96.7,€0.00,87.9,Bern - Lausanne,,,
2018-10-19 20:36,2018-10-19 21:29,0:53,Bern,Basel SBB,€0.00,,SBB,IC,1084,100.3,€0.00,113.5,Basel SBB - Bern,,,
2018-10-21 19:31,2018-10-21 20:24,0:53,Basel SBB,Bern,€0.00,,SBB,IC,1085,100.3,€0.00,113.5,Basel SBB - Bern,,,
2018-10-21 20:34,2018-10-21 21:40,1:06,Bern,Lausanne,€0.00,,SBB,IC,732,96.7,€0.00,87.9,Bern - Lausanne,,,
2018-10-21 21:49,2018-10-21 21:54,0:05,Lausanne,Renens VD,€0.00,,SBB,RE,3234,3.9,€0.00,46.8,Lausanne - Renens VD,,,
2018-11-02 19:20,2018-11-02 20:26,1:06,Lausanne,Bern,€0.00,,SBB,IC,733,96.7,€0.00,87.9,Bern - Lausanne,,,
2018-11-02 20:36,2018-11-02 21:29,0:53,Bern,Basel SBB,€0.00,,SBB,IC,1084,100.3,€0.00,113.5,Basel SBB - Bern,,,
2018-11-04 19:31,2018-11-04 20:24,0:53,Basel SBB,Bern,€0.00,,SBB,IC,1085,100.3,€0.00,113.5,Basel SBB - Bern,,,
2018-11-04 20:34,2018-11-04 21:40,1:06,Bern,Lausanne,€0.00,,SBB,IC,732,96.7,€0.00,87.9,Bern - Lausanne,,,
2018-11-04 21:49,2018-11-04 21:54,0:05,Lausanne,Renens VD,€0.00,,SBB,RE,3234,3.9,€0.00,46.8,Lausanne - Renens VD,,,
2018-11-09 19:20,2018-11-09 20:26,1:06,Lausanne,Bern,€0.00,,SBB,IC,733,96.7,€0.00,87.9,Bern - Lausanne,,,
2018-11-09 20:36,2018-11-09 21:29,0:53,Bern,Basel SBB,€0.00,,SBB,IC,1084,100.3,€0.00,113.5,Basel SBB - Bern,,,
2018-11-11 19:03,2018-11-11 20:10,1:07,Basel SBB,Biel/Bienne,€0.00,,SBB,IC,1634,101.1,€0.00,90.5,Basel SBB - Biel/Bienne,,,
2018-11-11 20:16,2018-11-11 21:20,1:04,Biel/Bienne,Morges,€0.00,,SBB,IC,30934,104.1,€0.00,97.6,Biel/Bienne - Morges,,,
2018-11-18 12:23,2018-11-18 16:03,3:40,Lausanne,Paris Gare de Lyon,,,SNCF,TGV Lyria,9268,480.2,€0.00,131.0,Lausanne - Paris Gare de Lyon,,,
2018-11-20 07:57,2018-11-20 11:37,3:40,Paris Gare de Lyon,Lausanne,,,SNCF,TGV Lyria,9261,480.2,€0.00,131.0,Lausanne - Paris Gare de Lyon,,,
2018-12-21 19:20,2018-12-21 20:26,1:06,Lausanne,Bern,€0.00,,SBB,IC,733,96.7,€0.00,87.9,Bern - Lausanne,,,
2018-12-21 20:36,2018-12-21 21:29,0:53,Bern,Basel SBB,€0.00,,SBB,IC,1084,100.3,€0.00,113.5,Basel SBB - Bern,,,
2018-12-26 19:03,2018-12-26 20:10,1:07,Basel SBB,Biel/Bienne,€0.00,,SBB,IC,1634,101.1,€0.00,90.5,Basel SBB - Biel/Bienne,,,
2018-12-26 20:16,2018-12-26 20:51,0:35,Biel/Bienne,Yverdon-les-Bains,€0.00,,SBB,IC,534,65.1,€0.00,111.6,Biel/Bienne - Yverdon-les-Bains,,,
2018-12-26 20:57,2018-12-26 21:20,0:23,Yverdon-les-Bains,Renens VD,€0.00,,SBB,S5,24583,35.2,€0.00,91.8,Renens VD - Yverdon-les-Bains,,,
2019-01-31 19:02,2019-01-31 19:09,0:07,Renens VD,Lausanne,€0.00,,SBB,RE,18457,3.9,€0.00,33.4,Lausanne - Renens VD,,,
2019-01-31 19:20,2019-01-31 20:26,1:06,Lausanne,Bern,€0.00,,SBB,IC,733,96.7,€0.00,87.9,Bern - Lausanne,,,
2019-01-31 20:36,2019-01-31 21:29,0:53,Bern,Basel SBB,€0.00,,SBB,IC,1084,100.3,€0.00,113.5,Basel SBB - Bern,,,
2019-02-02 19:13,2019-02-02 21:52,2:39,Basel SBB,Chur,€0.00,,SBB,IR,1985,206.2,€0.00,77.8,Basel SBB - Chur,,,
2019-02-08 19:09,2019-02-08 21:27,2:18,Chur,Basel SBB,€0.00,,SBB,IC,584,206.2,€0.00,89.7,Basel SBB - Chur,,,
2019-02-17 19:20,2019-02-17 19:37,0:17,Bulle,Romont,€0.00,,SBB,RE,4035,17.8,€0.00,62.8,Bulle - Romont,,,
2019-02-17 19:44,2019-02-17 20:16,0:32,Romont,Lausanne,€0.00,,SBB,IR,2532,39.9,€0.00,74.8,Lausanne - Romont,,,
2019-02-17 20:27,2019-02-17 20:33,0:06,Lausanne,Renens VD,€0.00,,SBB,RE,31076,3.9,€0.00,39.0,Lausanne - Renens VD,,,
2019-03-29 19:20,2019-03-29 20:26,1:06,Lausanne,Bern,€0.00,,SBB,IC,733,96.7,€0.00,87.9,Bern - Lausanne,,,
2019-03-29 20:36,2019-03-29 21:29,0:53,Bern,Basel SBB,€0.00,,SBB,IC,1084,100.3,€0.00,113.5,Basel SBB - Bern,,,
2019-03-31 19:31,2019-03-31 20:24,0:53,Basel SBB,Bern,€0.00,,SBB,IC,1085,100.3,€0.00,113.5,Basel SBB - Bern,,,
2019-03-31 20:34,2019-03-31 21:40,1:06,Bern,Lausanne,€0.00,,SBB,IC,732,96.7,€0.00,87.9,Bern - Lausanne,,,
2019-04-18 19:20,2019-04-18 20:26,1:06,Lausanne,Bern,€0.00,,SBB,IC,733,96.7,€0.00,87.9,Bern - Lausanne,,,
2019-04-18 20:36,2019-04-18 21:29,0:53,Bern,Basel SBB,€0.00,,SBB,IC,1084,100.3,€0.00,113.5,Basel SBB - Bern,,,
2019-04-24 08:00,2019-04-24 09:12,1:12,St-Louis,Strasbourg,,,SNCF,TER,96216,134.8,€0.00,112.3,St-Louis - Strasbourg,,,
2019-04-24 20:21,2019-04-24 21:33,1:12,Strasbourg,St-Louis,,,SNCF,TER,96241,134.8,€0.00,112.3,St-Louis - Strasbourg,,,
2019-04-25 09:31,2019-04-25 10:24,0:53,Basel SBB,Bern,€18.00,,SBB,IC,1065,100.3,€0.09,113.5,Basel SBB - Bern,,,
2019-04-25 10:34,2019-04-25 11:40,1:06,Bern,Lausanne,,,SBB,IC,712,96.7,,87.9,Bern - Lausanne,,,
2019-05-24 19:20,2019-05-24 20:26,1:06,Lausanne,Bern,€0.00,,SBB,IC,733,96.7,€0.00,87.9,Bern - Lausanne,,,
2019-05-24 20:36,2019-05-24 21:29,0:53,Bern,Basel SBB,€0.00,,SBB,IC,1084,100.3,€0.00,113.5,Basel SBB - Bern,,,
2019-05-26 19:04,2019-05-26 19:28,0:24,Basel SBB,Olten,€0.00,,SBB,IC,687,31.8,€0.00,79.5,Basel SBB - Olten,,,
2019-05-26 19:40,2019-05-26 20:51,1:11,Olten,Yverdon-les-Bains,€0.00,,SBB,IC,534,128.1,€0.00,108.3,Olten - Yverdon-les-Bains,,,
2019-05-26 20:57,2019-05-26 21:20,0:23,Yverdon-les-Bains,Renens VD,€0.00,,SBB,S5,24583,35.2,€0.00,91.8,Renens VD - Yverdon-les-Bains,,,
2019-07-05 19:20,2019-07-05 20:26,1:06,Lausanne,Bern,€0.00,,SBB,IC,733,96.7,€0.00,87.9,Bern - Lausanne,,,
2019-07-05 20:36,2019-07-05 21:29,0:53,Bern,Basel SBB,€0.00,,SBB,IC,1084,100.3,€0.00,113.5,Basel SBB - Bern,,,
2019-07-19 08:00,2019-07-19 09:09,1:09,St-Louis,Strasbourg,€18.60,,SNCF,TER,96212,134.8,€0.14,117.2,St-Louis - Strasbourg,,,
2019-07-19 10:51,2019-07-19 12:09,1:18,Strasbourg,Basel SBB,€19.50,,SNCF,TER,96217,141.5,€0.14,108.8,Basel SBB - Strasbourg,,,
2019-07-29 07:30,2019-07-29 08:39,1:09,St-Louis,Strasbourg,€24.90,,SNCF,TER,96210,134.8,€0.18,117.2,St-Louis - Strasbourg,,,
2019-07-29 09:51,2019-07-29 11:00,1:09,Strasbourg,St-Louis,€18.60,,SNCF,TER,96215,134.8,€0.14,117.2,St-Louis - Strasbourg,,,
2019-07-30 06:34,2019-07-30 08:29,1:55,Basel Badischer Bahnhof,Ringsheim,,,DB,RE,17012,91.1,€0.00,47.5,Basel Badischer Bahnhof - Ringsheim,,,
2019-07-30 19:26,2019-07-30 21:12,1:46,Ringsheim,Basel Badischer Bahnhof,,,DB,RE,17039,91.1,€0.00,51.6,Basel Badischer Bahnhof - Ringsheim,,,
2019-08-03 07:07,2019-08-03 07:15,0:08,Pudong Airport,Longyang Road,,,SMTD,Maglev,,30.1,€0.00,225.7,Longyang Road - Pudong Airport,,,
2019-08-04 10:06,2019-08-04 11:01,0:55,Shanghai Hongqiao,Hangzhou East,,,CR,G,7319,158.7,€0.00,173.1,Hangzhou East - Shanghai Hongqiao,,,
2019-08-04 21:06,2019-08-04 22:05,0:59,Hangzhou East,Shanghai Hongqiao,,,CR,G,7340,158.7,€0.00,161.4,Hangzhou East - Shanghai Hongqiao,,,
2019-08-05 08:00,2019-08-05 08:27,0:27,Shanghai West,Suzhou,,,CR,G,7004,78.5,€0.00,174.4,Shanghai West - Suzhou,,,
2019-08-05 14:47,2019-08-05 15:20,0:33,Suzhou,Shanghai West,,,CR,G,7082,78.5,€0.00,142.7,Shanghai West - Suzhou,,,
2019-08-05 17:55,2019-08-05 22:36,4:41,Shanghai,Beijing,,,CR,G,18,1325.1,€0.00,282.9,Beijing - Shanghai,,,
2019-08-10 08:00,2019-08-10 10:16,2:16,Beijing South,Shanhaiguan,,,CR,G,387,394.5,€0.00,174.0,Beijing South - Shanhaiguan,,,
2019-08-10 20:30,2019-08-10 22:38,2:08,Shanhaiguan,Beijing South,,,CR,G,385,394.5,€0.00,184.9,Beijing South - Shanhaiguan,,,
2019-08-12 15:13,2019-08-12 15:50,0:37,Schiphol Airport,Delft,€10.50,,NS,Intercity,2459,50.8,€0.21,82.4,Delft - Schiphol Airport,,,
2019-08-12 17:50,2019-08-12 18:06,0:16,Delft,Den Haag Centraal,€2.60,,NS,Sprinter,5158,10,€0.26,37.5,Delft - Den Haag Centraal,,,
2019-08-12 21:17,2019-08-12 21:30,0:13,Den Haag Centraal,Delft,€2.60,,NS,Intercity,1181,10,€0.26,46.2,Delft - Den Haag Centraal,,,
2019-08-13,2019-08-13,0:16,Delft,Den Haag Centraal,€13.80,,NS,,,10,€0.20,37.5,Delft - Den Haag Centraal,,,
2019-08-13,2019-08-13,1:10,Den Haag Centraal,Amsterdam-Centraal,,,NS,,,59.5,,51.0,Amsterdam-Centraal - Den Haag Centraal,,,
2019-08-13,2019-08-13,1:10,Amsterdam-Centraal,Den Haag Centraal,€13.80,,NS,,,59.5,€0.20,51.0,Amsterdam-Centraal - Den Haag Centraal,,,
2019-08-13,2019-08-13,0:13,Den Haag Centraal,Delft,,,NS,,,10,,46.2,Delft - Den Haag Centraal,,,
2019-10-06 08:25,2019-10-06 08:45,0:20,Delft,Leiden Centraal,€5.30,,NS,Intercity,2229,23.8,€0.22,71.4,Delft - Leiden Centraal,,,
2019-10-06 18:16,2019-10-06 18:35,0:19,Leiden Centraal,Delft,€5.30,,NS,,,23.8,€0.22,75.2,Delft - Leiden Centraal,,,
2019-10-11 06:54,2019-10-11 07:55,1:01,Delft,Amsterdam-Centraal,€13.80,,NS,Intercity,,67.9,€0.20,66.8,Amsterdam-Centraal - Delft,,,
2019-10-13 10:40,2019-10-13 10:58,0:18,Amsterdam-Centraal,Schiphol Airport,€13.80,,NS,,,17.1,€0.20,57.0,Amsterdam-Centraal - Schiphol Airport,,,
2019-10-13 11:10,2019-10-13 11:51,0:41,Schiphol Airport,Delft,,,NS,,,50.8,,74.3,Delft - Schiphol Airport,,,
2019-11-10 07:54,2019-11-10 08:55,1:01,Delft,Amsterdam-Centraal,€13.80,,NS,Intercity,,67.9,€0.20,66.8,Amsterdam-Centraal - Delft,,,
2019-11-10 17:34,2019-11-10 18:35,1:01,Amsterdam-Centraal,Delft,€13.80,,NS,Intercity,,67.9,€0.20,66.8,Amsterdam-Centraal - Delft,,,
2019-12-21 07:01,2019-12-21 07:12,0:11,Delft,Rotterdam Centraal,€13.30,,NS,Intercity,,14.5,€0.19,79.1,Delft - Rotterdam Centraal,,,
2019-12-21 07:20,2019-12-21 07:58,0:38,Rotterdam Centraal,Utrecht Centraal,,,NS,Intercity,,56.8,,89.7,Rotterdam Centraal - Utrecht Centraal,,,
2019-12-21 08:37,2019-12-21 14:47,6:10,Utrecht Centraal,Basel SBB,€74.40,,DB,ICE,105,715.2,€0.10,116.0,Basel SBB - Utrecht Centraal,,,
2019-12-27 15:13,2019-12-27 21:31,6:18,Basel SBB,Utrecht Centraal,€44.40,,DB,ICE,104,715.2,€0.06,113.5,Basel SBB - Utrecht Centraal,,,
2019-12-27 21:42,2019-12-27 22:50,1:08,Utrecht Centraal,Delft,,,NS,,,71,,62.6,Delft - Utrecht Centraal,,,
2019-12-29 13:36,2019-12-29 13:47,0:11,Delft,Den Haag Centraal,€2.60,,NS,,,10,€0.26,54.5,Delft - Den Haag Centraal,,,
2019-12-29 16:53,2019-12-29 17:09,0:16,Den Haag Centraal,Delft,€2.60,,NS,,,10,€0.26,37.5,Delft - Den Haag Centraal,,,
2019-12-30 08:24,2019-12-30 09:25,1:01,Delft,Amsterdam-Centraal,€13.80,,NS,Intercity,,67.9,€0.20,66.8,Amsterdam-Centraal - Delft,,,
2019-12-30 16:02,2019-12-30 16:39,0:37,Amsterdam-Centraal,Leiden Centraal,€13.80,,NS,,,44.1,€0.20,71.5,Amsterdam-Centraal - Leiden Centraal,,,
2019-12-30 16:45,2019-12-30 17:26,0:41,Leiden Centraal,Delft,,,NS,,,23.8,,34.8,Delft - Leiden Centraal,,,
2019-12-31 14:24,2019-12-31 14:40,0:16,Delft,Rotterdam Centraal,€2.60,,NS,,,14.5,€0.18,54.4,Delft - Rotterdam Centraal,,,
2020-01-01 00:50,2020-01-01 01:34,0:44,Rotterdam Centraal,Delft,€2.60,,NS,,,14.5,€0.18,19.8,Delft - Rotterdam Centraal,,,
2020-01-25 06:24,2020-01-25 06:45,0:21,Delft,Leiden Centraal,€10.70,,NS,Intercity,,23.8,€0.21,68.0,Delft - Leiden Centraal,,,
2020-01-25 06:47,2020-01-25 07:02,0:15,Leiden Centraal,Schiphol Airport,,,BS,Intercity,,27,,108.0,Leiden Centraal - Schiphol Airport,,,
2020-02-01 09:06,2020-02-01 11:22,2:16,Basel SBB,Chur,€58.00,,DB,ICE,271,206.2,€0.28,91.0,Basel SBB - Chur,,,
2020-02-07 19:09,2020-02-07 21:27,2:18,Chur,Basel SBB,€45.00,,SBB,IC,584,206.2,€0.22,89.7,Basel SBB - Chur,,,
2020-02-09 13:49,2020-02-09 14:02,0:13,Schiphol Airport,Amsterdam Bijlmer ArenA,€10.50,,NS,Intercity,,15.1,€0.10,69.7,Amsterdam Bijlmer ArenA - Schiphol Airport,,,
2020-02-09 14:04,2020-02-09 15:04,1:00,Amsterdam Bijlmer ArenA,Rotterdam Centraal,,,NS,Sprinter,,70.5,,70.5,Amsterdam Bijlmer ArenA - Rotterdam Centraal,,,
2020-02-09 15:12,2020-02-09 15:24,0:12,Rotterdam Centraal,Delft,,,NS,Intercity,,14.5,,72.5,Delft - Rotterdam Centraal,,,
2020-04-16 05:41,2020-04-16 05:56,0:15,Delft,Den Haag Centraal,€167.10,,NS,Sprinter,,10,€0.20,40.0,Delft - Den Haag Centraal,,,
2020-04-16 06:08,2020-04-16 07:18,1:10,Den Haag Centraal,Amsterdam-Centraal,,,NS,Sprinter,,59.5,,51.0,Amsterdam-Centraal - Den Haag Centraal,,,
2020-04-16 08:08,2020-04-16 14:35,6:27,Amsterdam-Centraal,Basel Badischer Bahnhof,,,DB,ICE,105,746.3,,115.7,Amsterdam-Centraal - Basel Badischer Bahnhof,,,
2020-07-06 10:04,2020-07-06 10:18,0:14,Delft,Rotterdam Centraal,€7.20,,NS,,,14.5,€0.25,62.1,Delft - Rotterdam Centraal,,,
2020-07-06 17:25,2020-07-06 17:40,0:15,Rotterdam Centraal,Delft,,,NS,,,14.5,,58.0,Delft - Rotterdam Centraal,,,
2020-07-12 09:54,2020-07-12 10:07,0:13,Delft,Den Haag Centraal,€5.20,,NS,,,10,€0.26,46.2,Delft - Den Haag Centraal,,,
2020-07-12 14:00,2020-07-12 14:15,0:15,Den Haag Centraal,Delft,,,NS,,,10,,40.0,Delft - Den Haag Centraal,,,
2020-07-14 16:36,2020-07-14 16:54,0:18,Delft,Rotterdam Centraal,€7.20,,NS,,,14.5,€0.25,48.3,Delft - Rotterdam Centraal,,,
2020-07-14 20:10,2020-07-14 20:38,0:28,Rotterdam Centraal,Delft,,,NS,,,14.5,,31.1,Delft - Rotterdam Centraal,,,
2020-09-10 19:20,2020-09-10 20:26,1:06,Lausanne,Bern,€0.00,,SBB,IC,733,96.7,€0.00,87.9,Bern - Lausanne,,,
2020-09-10 20:36,2020-09-10 21:32,0:56,Bern,Basel SBB,€0.00,,SBB,IC,1084,100.3,€0.00,107.5,Basel SBB - Bern,,,
2020-09-13 19:03,2020-09-13 20:10,1:07,Basel SBB,Biel/Bienne,€0.00,,SBB,IC,1634,101.1,€0.00,90.5,Basel SBB - Biel/Bienne,,,
2020-09-13 20:16,2020-09-13 20:51,0:35,Biel/Bienne,Yverdon-les-Bains,€0.00,,SBB,IC,10534,65.1,€0.00,111.6,Biel/Bienne - Yverdon-les-Bains,,,
2020-09-13 20:57,2020-09-13 21:20,0:23,Yverdon-les-Bains,Renens VD,€0.00,,SBB,S5,24583,35.2,€0.00,91.8,Renens VD - Yverdon-les-Bains,,,
2020-10-15 19:20,2020-10-15 20:26,1:06,Lausanne,Bern,€0.00,,SBB,IC,733,96.7,€0.00,87.9,Bern - Lausanne,,,
2020-10-15 20:36,2020-10-15 21:32,0:56,Bern,Basel SBB,€0.00,,SBB,IC,1084,100.3,€0.00,107.5,Basel SBB - Bern,,,
2020-10-18 19:03,2020-10-18 20:10,1:07,Basel SBB,Biel/Bienne,€0.00,,SBB,IC,1634,101.1,€0.00,90.5,Basel SBB - Biel/Bienne,,,
2020-10-18 20:16,2020-10-18 20:51,0:35,Biel/Bienne,Yverdon-les-Bains,€0.00,,SBB,IC,534,65.1,€0.00,111.6,Biel/Bienne - Yverdon-les-Bains,,,
2020-10-18 20:57,2020-10-18 21:20,0:23,Yverdon-les-Bains,Renens VD,€0.00,,SBB,S5,24583,35.2,€0.00,91.8,Renens VD - Yverdon-les-Bains,,,
2020-12-23 19:20,2020-12-23 20:26,1:06,Lausanne,Bern,€0.00,,SBB,IC,733,96.7,€0.00,87.9,Bern - Lausanne,,,
2020-12-23 20:36,2020-12-23 21:32,0:56,Bern,Basel SBB,€0.00,,SBB,IC,1084,100.3,€0.00,107.5,Basel SBB - Bern,,,
2021-01-04 19:28,2021-01-04 20:26,0:58,Basel SBB,Bern,€0.00,,SBB,IC,1085,100.3,€0.00,103.8,Basel SBB - Bern,,,
2021-01-04 20:34,2021-01-04 21:40,1:06,Bern,Lausanne,€0.00,,SBB,IC,732,96.7,€0.00,87.9,Bern - Lausanne,,,
2021-01-16 20:01,2021-01-16 20:14,0:13,Renens VD,Eclépens,€0.00,,SBB,S1,24178,17.8,€0.00,82.2,Eclépens - Renens VD,,,
2021-01-16 20:42,2021-01-16 20:57,0:15,Eclépens,Renens VD,€0.00,,SBB,S1,24181,17.8,€0.00,71.2,Eclépens - Renens VD,,,
2021-02-17 14:20,2021-02-17 15:27,1:07,Lausanne,Bern,€59.00,,SBB,IC,723,96.7,€0.30,86.6,Bern - Lausanne,,,
2021-02-17 15:36,2021-02-17 16:32,0:56,Bern,Basel SBB,,,SBB,IC,1074,100.3,,107.5,Basel SBB - Bern,,,
2021-02-21 19:03,2021-02-21 20:10,1:07,Basel SBB,Biel/Bienne,€0.00,,SBB,IC,1634,101.1,€0.00,90.5,Basel SBB - Biel/Bienne,,,
2021-02-21 20:16,2021-02-21 20:52,0:36,Biel/Bienne,Yverdon-les-Bains,€0.00,,SBB,IC,30534,65.1,€0.00,108.5,Biel/Bienne - Yverdon-les-Bains,,,
2021-02-21 20:57,2021-02-21 21:20,0:23,Yverdon-les-Bains,Renens VD,€0.00,,SBB,S5,24583,35.2,€0.00,91.8,Renens VD - Yverdon-les-Bains,,,
2021-03-04 19:02,2021-03-04 19:08,0:06,Renens VD,Lausanne,€0.00,,SBB,RE,18481,3.9,€0.00,39.0,Lausanne - Renens VD,,,
2021-03-04 19:20,2021-03-04 20:27,1:07,Lausanne,Bern,€0.00,,SBB,IC,733,96.7,€0.00,86.6,Bern - Lausanne,,,
2021-03-04 20:36,2021-03-04 21:32,0:56,Bern,Basel SBB,€0.00,,SBB,IC,1084,100.3,€0.00,107.5,Basel SBB - Bern,,,
2021-03-06 19:03,2021-03-06 20:10,1:07,Basel SBB,Biel/Bienne,€0.00,,SBB,IC,1634,101.1,€0.00,90.5,Basel SBB - Biel/Bienne,,,
2021-03-06 20:16,2021-03-06 20:52,0:36,Biel/Bienne,Yverdon-les-Bains,€0.00,,SBB,IC,534,65.1,€0.00,108.5,Biel/Bienne - Yverdon-les-Bains,,,
2021-03-06 20:57,2021-03-06 21:20,0:23,Yverdon-les-Bains,Renens VD,€0.00,,SBB,S5,24583,35.2,€0.00,91.8,Renens VD - Yverdon-les-Bains,,,
2021-04-02 19:02,2021-04-02 19:08,0:06,Renens VD,Lausanne,€0.00,,SBB,RE,18481,3.9,€0.00,39.0,Lausanne - Renens VD,,,
2021-04-02 19:20,2021-04-02 20:26,1:06,Lausanne,Bern,€0.00,,SBB,IC,733,96.7,€0.00,87.9,Bern - Lausanne,,,
2021-04-02 20:36,2021-04-02 21:32,0:56,Bern,Basel SBB,€0.00,,SBB,IC,1084,100.3,€0.00,107.5,Basel SBB - Bern,,,
2021-04-06 19:03,2021-04-06 20:10,1:07,Basel SBB,Biel/Bienne,€0.00,,SBB,IC,1634,101.1,€0.00,90.5,Basel SBB - Biel/Bienne,,,
2021-04-06 20:16,2021-04-06 20:52,0:36,Biel/Bienne,Yverdon-les-Bains,€0.00,,SBB,IC,534,65.1,€0.00,108.5,Biel/Bienne - Yverdon-les-Bains,,,
2021-04-06 20:57,2021-04-06 21:20,0:23,Yverdon-les-Bains,Renens VD,€0.00,,SBB,S5,24583,35.2,€0.00,91.8,Renens VD - Yverdon-les-Bains,,,
2021-06-04 19:02,2021-06-04 19:09,0:07,Renens VD,Lausanne,€0.00,,SBB,RE,18481,3.9,€0.00,33.4,Lausanne - Renens VD,,,
2021-06-04 19:20,2021-06-04 20:26,1:06,Lausanne,Bern,€0.00,,SBB,IC,733,96.7,€0.00,87.9,Bern - Lausanne,,,
2021-06-04 20:36,2021-06-04 21:32,0:56,Bern,Basel SBB,€0.00,,SBB,IC,1084,100.3,€0.00,107.5,Basel SBB - Bern,,,
2021-06-07 19:03,2021-06-07 20:10,1:07,Basel SBB,Biel/Bienne,€0.00,,SBB,IC,1634,101.1,€0.00,90.5,Basel SBB - Biel/Bienne,,,
2021-06-07 20:16,2021-06-07 20:52,0:36,Biel/Bienne,Yverdon-les-Bains,€0.00,,SBB,IC,534,65.1,€0.00,108.5,Biel/Bienne - Yverdon-les-Bains,,,
2021-06-07 20:57,2021-06-07 21:20,0:23,Yverdon-les-Bains,Renens VD,€0.00,,SBB,S5,24583,35.2,€0.00,91.8,Renens VD - Yverdon-les-Bains,,,
2021-07-14 19:02,2021-07-14 19:08,0:06,Renens VD,Lausanne,€0.00,,SBB,RE,18481,3.9,€0.00,39.0,Lausanne - Renens VD,,,
2021-07-14 19:20,2021-07-14 20:27,1:07,Lausanne,Bern,€0.00,,SBB,IC,733,96.7,€0.00,86.6,Bern - Lausanne,,,
2021-07-14 20:36,2021-07-14 21:32,0:56,Bern,Basel SBB,€0.00,,SBB,IC,1084,100.3,€0.00,107.5,Basel SBB - Bern,,,
2021-08-01 10:30,2021-08-01 11:41,1:11,St-Louis,Strasbourg,€0.00,,SNCF,TER,96220,134.8,€0.00,113.9,St-Louis - Strasbourg,,,
2021-08-01 17:51,2021-08-01 18:59,1:08,Strasbourg,St-Louis,€0.00,,SNCF,TER,86223,134.8,€0.00,118.9,St-Louis - Strasbourg,,,
2021-08-16 07:30,2021-08-16 07:44,0:14,St-Louis,Mulhouse,€80.00,,SNCF,TER,96210,27,€0.08,115.7,Mulhouse - St-Louis,,,
2021-08-16 07:57,2021-08-16 12:54,4:57,Mulhouse,Montpellier St-Roch,,,SNCF,TGV InOui,2203,711.6,,143.8,Montpellier St-Roch - Mulhouse,,,
2021-08-16 13:07,2021-08-16 15:15,2:08,Montpellier St-Roch,Toulouse Matabiau,,,SNCF,Intercités,4760,247,,115.8,Montpellier St-Roch - Toulouse Matabiau,,,
2021-10-08 17:43,2021-10-08 21:52,4:09,Toulouse Matabiau,Lyon Part-Dieu,€37.10,,SNCF,TGV InOui,6875,554.5,€0.06,133.6,Lyon Part-Dieu - Toulouse Matabiau via Sud de France,,,
2021-10-08 22:15,2021-10-08 23:03,0:48,Lyon Part-Dieu,Mâcon Ville,,,SNCF,TER,86038,66.7,,83.4,Lyon Part-Dieu - Mâcon Ville,,,
2021-10-10 10:22,2021-10-10 12:54,2:32,Mâcon Ville,Montpellier St-Roch,€40.20,,SNCF,TGV InOui,2203,380.8,€0.06,150.3,Mâcon Ville - Montpellier St-Roch,,,
2021-10-10 13:07,2021-10-10 15:15,2:08,Montpellier St-Roch,Toulouse Matabiau,,,SNCF,Intercités,4760,247,,115.8,Montpellier St-Roch - Toulouse Matabiau,,,
2021-10-29 10:46,2021-10-29 12:51,2:05,Toulouse Matabiau,Montpellier St-Roch,€93.00,,SNCF,Intercités,4657,247,€0.10,118.6,Montpellier St-Roch - Toulouse Matabiau,,,
2021-10-29 13:55,2021-10-29 19:10,5:15,Montpellier St-Roch,Mulhouse,,,SNCF,TGV InOui,5500,711.6,,135.5,Montpellier St-Roch - Mulhouse,,,
2021-10-29 19:17,2021-10-29 19:30,0:13,Mulhouse,St-Louis,€9.20,,SNCF,TER,96281,27,€0.34,124.6,Mulhouse - St-Louis,,,
2021-11-01 07:16,2021-11-01 07:39,0:23,St-Louis,Mulhouse,€73.70,,SNCF,TER,96104,27,€0.07,70.4,Mulhouse - St-Louis,,,
2021-11-01 07:57,2021-11-01 12:54,4:57,Mulhouse,Montpellier St-Roch,,,SNCF,TGV InOui,2203,711.6,,143.8,Montpellier St-Roch - Mulhouse,,,
2021-11-01 13:07,2021-11-01 15:15,2:08,Montpellier St-Roch,Toulouse Matabiau,,,SNCF,Intercités,4760,247,,115.8,Montpellier St-Roch - Toulouse Matabiau,,,
2021-12-22 10:46,2021-12-22 12:51,2:05,Toulouse Matabiau,Montpellier St-Roch,€50.30,,SNCF,Intercités,4657,247,€0.05,118.6,Montpellier St-Roch - Toulouse Matabiau,,,
2021-12-22 13:58,2021-12-22 19:08,5:10,Montpellier St-Roch,Mulhouse,,,SNCF,TGV InOui,5500,711.6,,137.7,Montpellier St-Roch - Mulhouse,,,
2021-12-22 19:16,2021-12-22 19:29,0:13,Mulhouse,St-Louis,,,SNCF,TER,96281,27,,124.6,Mulhouse - St-Louis,,,
2021-12-29 07:16,2021-12-29 07:39,0:23,St-Louis,Mulhouse,€64.10,€16.00,SNCF,TER,96104,27,€0.05,70.4,Mulhouse - St-Louis,,,
2021-12-29 07:57,2021-12-29 12:54,4:57,Mulhouse,Montpellier St-Roch,,,SNCF,TGV InOui,5521,711.6,,143.8,Montpellier St-Roch - Mulhouse,,,
2021-12-29 13:51,2021-12-29 14:55,1:04,Montpellier St-Roch,Narbonne,,,SNCF,TER,876417,97.3,,91.2,Montpellier St-Roch - Narbonne,,,
2021-12-29 15:09,2021-12-29 16:42,1:33,Narbonne,Toulouse Matabiau,,,SNCF,TER,876258,149.5,,96.5,Narbonne - Toulouse Matabiau,,,
2022-02-19 10:46,2022-02-19 12:51,2:05,Toulouse Matabiau,Montpellier St-Roch,€75.30,€18.80,SNCF,Intercités,4657,247,€0.06,118.6,Montpellier St-Roch - Toulouse Matabiau,,,
2022-02-19 15:08,2022-02-19 17:14,2:06,Montpellier St-Roch,Lyon Part-Dieu,,,SNCF,TGV InOui,6873,314.1,,149.6,Lyon Part-Dieu - Montpellier St-Roch,,,
2022-02-19 18:04,2022-02-19 21:02,2:58,Lyon Part-Dieu,Mulhouse,,,SNCF,TGV InOui,9896,396.8,,133.8,Lyon Part-Dieu - Mulhouse,,,
2022-02-20 14:33,2022-02-20 16:52,2:19,Basel SBB,Chur,€55.00,,SBB,IC,10575,206.2,€0.27,89.0,Basel SBB - Chur,,,
2022-02-25 17:08,2022-02-25 18:22,1:14,Chur,Zürich HB,€55.00,,SBB,IC,580,115.8,€0.17,93.9,Chur - Zürich HB,,,
2022-02-25 18:32,2022-02-25 20:40,2:08,Zürich HB,Lausanne,,,SBB,IC,730,213.7,,100.2,Lausanne - Zürich HB,,,
2022-02-27 11:15,2022-02-27 12:57,1:42,Lausanne,Olten,€55.00,,SBB,IC,1521,159,€0.29,93.5,Lausanne - Olten,,,
2022-02-27 13:12,2022-02-27 13:45,0:33,Olten,Basel SBB,,,SBB,IR,2470,31.8,,57.8,Basel SBB - Olten,,,
2022-02-28 07:14,2022-02-28 07:37,0:23,St-Louis,Mulhouse,€59.80,€15.00,SNCF,TER,96104,27,€0.05,70.4,Mulhouse - St-Louis,,,
2022-02-28 07:57,2022-02-28 12:54,4:57,Mulhouse,Montpellier St-Roch,,,SNCF,TGV InOui,5521,711.6,,143.8,Montpellier St-Roch - Mulhouse,,,
2022-02-28 13:07,2022-02-28 15:15,2:08,Montpellier St-Roch,Toulouse Matabiau,,,SNCF,Intercités,4760,247,,115.8,Montpellier St-Roch - Toulouse Matabiau,,,
2022-03-26 08:28,2022-03-26 10:40,2:12,Toulouse Matabiau,Bordeaux St-Jean,€14.00,,SNCF,TGV InOui,8504,256.5,€0.05,116.6,Bordeaux St-Jean - Toulouse Matabiau,,,
2022-03-27 17:53,2022-03-27 18:30,0:37,Bordeaux St-Jean,Angoulême,€28.00,,SNCF,TGV InOui,8442,114.4,€0.12,185.5,Angoulême - Bordeaux St-Jean,,,
2022-03-27 19:09,2022-03-27 19:54,0:45,Angoulême,Poitiers,,,SNCF,TGV InOui,8450,114,,152.0,Angoulême - Poitiers,,,
2022-04-01 17:28,2022-04-01 18:44,1:16,Poitiers,Bordeaux St-Jean,€56.20,,SNCF,TGV InOui,8447,256.5,€0.11,202.5,Bordeaux St-Jean - Poitiers,,,
2022-04-01 19:20,2022-04-01 21:31,2:11,Bordeaux St-Jean,Toulouse Matabiau,,,SNCF,TGV InOui,8517,256.5,,117.5,Bordeaux St-Jean - Toulouse Matabiau,,,
2022-04-15 10:46,2022-04-15 12:51,2:05,Toulouse Matabiau,Montpellier St-Roch,€75.50,,SNCF,Intercités,4657,247,€0.08,118.6,Montpellier St-Roch - Toulouse Matabiau,,,
2022-04-15 13:58,2022-04-15 19:08,5:10,Montpellier St-Roch,Mulhouse,,,SNCF,TGV InOui,5500,711.6,,137.7,Montpellier St-Roch - Mulhouse,,,
2022-04-15 19:16,2022-04-15 19:29,0:13,Mulhouse,St-Louis,,,SNCF,TER,96281,27,,124.6,Mulhouse - St-Louis,,,
2022-04-18 07:30,2022-04-18 07:43,0:13,St-Louis,Mulhouse,€55.00,,SNCF,TER,96210,27,€0.06,124.6,Mulhouse - St-Louis,,,
2022-04-18 07:57,2022-04-18 12:54,4:57,Mulhouse,Montpellier St-Roch,,,SNCF,TGV InOui,5521,711.6,,143.8,Montpellier St-Roch - Mulhouse,,,
2022-04-18 13:07,2022-04-18 15:15,2:08,Montpellier St-Roch,Toulouse Matabiau,,,SNCF,Intercités,4760,247,,115.8,Montpellier St-Roch - Toulouse Matabiau,,,
2022-04-25 10:08,2022-04-25 11:16,1:08,Toulouse Matabiau,Carcassonne,€8.40,,SNCF,TER,870611,90.7,€0.09,80.0,Carcassonne - Toulouse Matabiau,,,
2022-04-25 17:28,2022-04-25 18:30,1:02,Carcassonne,Toulouse Matabiau,€8.40,,SNCF,TER,876213,90.7,€0.09,87.8,Carcassonne - Toulouse Matabiau,,,
2022-04-29 08:46,2022-04-29 09:14,0:28,Toulouse,Castelnaudary,€42.00,€37.50,SNCF,Intercités,4655,54.8,€0.04,117.4,Castelnaudary - Toulouse,,,
2022-04-29 13:31,2022-04-29 14:10,0:39,Castelnaudary,Montaudran,,,SNCF,TER,870610,49.8,,76.6,Castelnaudary - Montaudran,,,
2022-04-30 08:46,2022-04-30 10:52,2:06,Toulouse Matabiau,Montpellier St-Roch,€53.00,,SNCF,Intercités,4655,247,€0.11,117.6,Montpellier St-Roch - Toulouse Matabiau,,,
2022-04-30 19:07,2022-04-30 21:17,2:10,Montpellier St-Roch,Toulouse Matabiau,,,SNCF,Intercités,4766,247,,114.0,Montpellier St-Roch - Toulouse Matabiau,,,
2022-07-13 08:28,2022-07-13 12:49,4:21,Toulouse Matabiau,Paris Montparnasse,€56.00,,SNCF,TGV InOui,8504,793.9,€0.07,182.5,Paris Montparnasse - Toulouse Matabiau,,,
2022-07-13 13:05,2022-07-13 13:20,0:15,Paris Montparnasse,Sèvres-Rive-Gauche,,,SNCF,Transilien ,N,9.2,€0.00,36.8,Paris Montparnasse - Sèvres-Rive-Gauche,,,
2022-07-13,2022-07-13,0:15,Sèvres-Rive-Gauche,Paris Montparnasse,,,SNCF,Transilien ,N,9.2,€0.00,36.8,Paris Montparnasse - Sèvres-Rive-Gauche,,,
2022-07-14,2022-07-14,0:15,Sèvres-Rive-Gauche,Paris Montparnasse,,,SNCF,Transilien ,N,9.2,€0.00,36.8,Paris Montparnasse - Sèvres-Rive-Gauche,,,
2022-07-15,2022-07-15,0:15,Sèvres-Rive-Gauche,Paris Montparnasse,,,SNCF,Transilien ,N,9.2,€0.00,36.8,Paris Montparnasse - Sèvres-Rive-Gauche,,,
2022-07-16,2022-07-16,0:15,Sèvres-Rive-Gauche,Paris Montparnasse,,,SNCF,Transilien ,N,9.2,€0.00,36.8,Paris Montparnasse - Sèvres-Rive-Gauche,,,
2022-07-17,2022-07-17,0:15,Sèvres-Rive-Gauche,Paris Montparnasse,,,SNCF,Transilien ,N,9.2,€0.00,36.8,Paris Montparnasse - Sèvres-Rive-Gauche,,,
2022-07-18,2022-07-18,0:15,Sèvres-Rive-Gauche,Paris Montparnasse,,,SNCF,Transilien ,N,9.2,€0.00,36.8,Paris Montparnasse - Sèvres-Rive-Gauche,,,
2022-07-18,2022-07-18,0:15,Paris Montparnasse,Sèvres-Rive-Gauche,,,SNCF,Transilien ,N,9.2,€0.00,36.8,Paris Montparnasse - Sèvres-Rive-Gauche,,,
2022-07-19 06:26,2022-07-19 06:41,0:15,Sèvres-Rive-Gauche,Paris Montparnasse,,,SNCF,Transilien ,N,9.2,€0.00,36.8,Paris Montparnasse - Sèvres-Rive-Gauche,,,
2022-07-19 07:11,2022-07-19 11:29,4:18,Paris Montparnasse,Toulouse Matabiau,€38.00,€9.50,SNCF,TGV InOui,8503,793.9,€0.04,184.6,Paris Montparnasse - Toulouse Matabiau,,,
2022-07-23 07:44,2022-07-23 08:25,0:41,Toulouse Matabiau,Carcassonne,€27.20,,SNCF,TGV InOui,6871,90.7,€0.15,132.7,Carcassonne - Toulouse Matabiau,,,
2022-07-23 13:09,2022-07-23 14:10,1:01,Carcassonne,Toulouse Matabiau,,,SNCF,TGV InOui,6823,90.7,,89.2,Carcassonne - Toulouse Matabiau,,,
2022-07-31 07:44,2022-07-31 11:50,4:06,Toulouse Matabiau,Lyon Part-Dieu,€64.00,,SNCF,TGV InOui,6871,554.5,€0.12,135.2,Lyon Part-Dieu - Toulouse Matabiau via Sud de France,,,
2022-08-02 07:21,2022-08-02 08:59,1:38,Basel Badischer Bahnhof,Karlsruhe Hbf,€22.90,,DB,ICE,202,191.3,€0.06,117.1,Basel Badischer Bahnhof - Karlsruhe Hbf,,,
2022-08-02 09:10,2022-08-02 09:44,0:34,Karlsruhe Hbf,Heidelberg Hbf,,,DB,IC,2374,53.8,,94.9,Heidelberg Hbf - Karlsruhe Hbf,,,
2022-08-02 10:46,2022-08-02 11:40,0:54,Heidelberg Hbf,Frankfurt (Main) Hbf,,,DB,IC,1296,95.9,,106.6,Frankfurt (Main) Hbf - Heidelberg Hbf,,,
2022-08-02 17:34,2022-08-02 17:53,0:19,Frankfurt (Main) Hbf,Darmstadt Hbf,,,DB,RB,67,27.6,,87.2,Darmstadt Hbf - Frankfurt (Main) Hbf,,,
2022-08-03 06:53,2022-08-03 07:43,0:50,Darmstadt Hbf,Mannheim Hbf,€0.00,,DB,RE,60,59.4,€0.00,71.3,Darmstadt Hbf - Mannheim Hbf,,,
2022-08-03 09:31,2022-08-03 09:56,0:25,Mannheim Hbf,Speyer Hbf,€0.00,,DB,S3,,22.7,€0.00,54.5,Mannheim Hbf - Speyer Hbf,,,
2022-08-03 15:25,2022-08-03 15:54,0:29,Speyer Hbf,Mannheim Hbf,€0.00,,DB,S3,,22.7,€0.00,47.0,Mannheim Hbf - Speyer Hbf,,,
2022-08-03 16:15,2022-08-03 17:05,0:50,Mannheim Hbf,Darmstadt Hbf,€0.00,,DB,RE,4672,59.4,€0.00,71.3,Darmstadt Hbf - Mannheim Hbf,,,
2022-08-05 08:12,2022-08-05 08:44,0:32,Darmstadt Hbf,Mainz Römisches Theater,€0.00,,HLB,HLB,28756,32.6,€0.00,61.1,Darmstadt Hbf - Mainz Römisches Theater,,,
2022-08-05 10:40,2022-08-05 10:43,0:03,Mainz-Kastel,Wiesbaden Ost,€0.00,,DB,S1,,4.2,€0.00,84.0,Mainz-Kastel - Wiesbaden Ost,,,
2022-08-05 14:02,2022-08-05 14:46,0:44,Wiesbaden Hbf,Darmstadt Hbf,€0.00,,DB,RB,75,41.3,€0.00,56.3,Darmstadt Hbf - Wiesbaden Hbf,,,
2022-08-05 15:53,2022-08-05 16:45,0:52,Darmstadt Hbf,Mannheim Hbf,€26.90,,DB,RE,4671,59.4,€0.09,68.5,Darmstadt Hbf - Mannheim Hbf,,,
2022-08-05 16:46,2022-08-05 18:55,2:09,Mannheim Hbf,Basel SBB,,,DB,ICE,77,253.7,,118.0,Basel SBB - Mannheim Hbf,,,
2022-08-09 07:16,2022-08-09 07:39,0:23,St-Louis,Mulhouse,€69.50,,SNCF,TER,96104,27,€0.07,70.4,Mulhouse - St-Louis,,,
2022-08-09 07:57,2022-08-09 12:54,4:57,Mulhouse,Montpellier St-Roch,,,SNCF,TGV InOui,5521,711.6,,143.8,Montpellier St-Roch - Mulhouse,,,
2022-08-09 13:07,2022-08-09 15:15,2:08,Montpellier St-Roch,Toulouse Matabiau,,,SNCF,Intercités,4760,247,,115.8,Montpellier St-Roch - Toulouse Matabiau,,,
2022-08-17 10:46,2022-08-17 12:51,2:05,Toulouse Matabiau,Montpellier St-Roch,€60.20,,SNCF,Intercités,4760,247,€0.06,118.6,Montpellier St-Roch - Toulouse Matabiau,,,
2022-08-17 13:58,2022-08-17 19:08,5:10,Montpellier St-Roch,Mulhouse,,,SNCF,TGV InOui,5500,711.6,,137.7,Montpellier St-Roch - Mulhouse,,,
2022-08-17 19:16,2022-08-17 19:29,0:13,Mulhouse,St-Louis,,,SNCF,TER,96281,27,,124.6,Mulhouse - St-Louis,,,
2022-08-22 16:00,2022-08-22 16:08,0:08,St-Louis,Basel SBB,€2.20,,SNCF,TER,96223,6.8,€0.32,51.0,Basel SBB - St-Louis,,,
2022-08-22 19:08,2022-08-22 19:16,0:08,Basel SBB,St-Louis,€2.20,,SNCF,TER,96136,6.8,€0.32,51.0,Basel SBB - St-Louis,,,
2022-08-23 07:16,2022-08-23 07:39,0:23,St-Louis,Mulhouse,€58.20,,SNCF,TER,96104,27,€0.06,70.4,Mulhouse - St-Louis,,,
2022-08-23 07:57,2022-08-23 12:54,4:57,Mulhouse,Montpellier St-Roch,,,SNCF,TGV InOui,5521,711.6,,143.8,Montpellier St-Roch - Mulhouse,,,
2022-08-23 13:07,2022-08-23 15:15,2:08,Montpellier St-Roch,Toulouse Matabiau,,,SNCF,Intercités,4760,247,,115.8,Montpellier St-Roch - Toulouse Matabiau,,,
2022-09-17 06:24,2022-09-17 10:56,4:32,Toulouse Matabiau,Paris Montparnasse,€32.00,,SNCF,TGV InOui,8502,793.9,€0.04,175.1,Paris Montparnasse - Toulouse Matabiau,,,
2022-09-22 22:12,2022-09-23 06:42,8:30,Paris Austerlitz,Toulouse Matabiau,€47.00,,SNCF,Intercités de Nuit,3751,713.2,€0.07,83.9,Paris Austerlitz - Toulouse Matabiau via Limoges,,,
2022-12-19 10:45,2022-12-19 12:54,2:09,Toulouse Matabiau,Montpellier St-Roch,€64.50,€16.20,SNCF,Intercités,4657,247,€0.05,114.9,Montpellier St-Roch - Toulouse Matabiau,,,
2022-12-19 13:58,2022-12-19 19:09,5:11,Montpellier St-Roch,Mulhouse,,,SNCF,TGV InOui,5500,711.6,,137.3,Montpellier St-Roch - Mulhouse,,,
2022-12-19 19:29,2022-12-19 19:52,0:23,Mulhouse,St-Louis,,,SNCF,TER,96141,27,,70.4,Mulhouse - St-Louis,,,
2023-01-02 07:16,2023-01-02 07:39,0:23,St-Louis,Mulhouse,€104.10,,SNCF,TER,96104,27,€0.11,70.4,Mulhouse - St-Louis,,,
2023-01-02 07:52,2023-01-02 12:54,5:02,Mulhouse,Montpellier St-Roch,,,SNCF,TGV InOui,5521,712.4,,141.5,Montpellier St-Roch - Mulhouse via Villefranche-sur-Saône,,,
2023-01-02 13:06,2023-01-02 15:18,2:12,Montpellier St-Roch,Toulouse Matabiau,,,SNCF,Intercités,4760,247,,112.3,Montpellier St-Roch - Toulouse Matabiau,,,
2023-02-17 10:45,2023-02-17 12:54,2:09,Toulouse Matabiau,Montpellier St-Roch,€61.80,,SNCF,Intercités,4657,247,€0.06,114.9,Montpellier St-Roch - Toulouse Matabiau,,,
2023-02-17 13:58,2023-02-17 19:09,5:11,Montpellier St-Roch,Mulhouse,,,SNCF,TGV InOui,2204,711.6,,137.3,Montpellier St-Roch - Mulhouse,,,
2023-02-17 19:17,2023-02-17 19:30,0:13,Mulhouse,St-Louis,,,SNCF,TER,96281,27,,124.6,Mulhouse - St-Louis,,,
2023-02-18 14:33,2023-02-18 16:52,2:19,Basel SBB,Chur,€55.00,,SBB,IC,575,206.2,€0.27,89.0,Basel SBB - Chur,,,
2023-02-25 10:37,2023-02-25 12:53,2:16,Chur,Basel SBB,€55.00,,SBB,IC,568,206.2,€0.27,91.0,Basel SBB - Chur,,,
2023-02-26 07:30,2023-02-26 07:44,0:14,St-Louis,Mulhouse,€70.10,€17.60,SNCF,TER,96210,27,€0.05,115.7,Mulhouse - St-Louis,,,
2023-02-26 07:52,2023-02-26 12:54,5:02,Mulhouse,Montpellier St-Roch,,,SNCF,TGV InOui,2203,711.6,,141.4,Montpellier St-Roch - Mulhouse,,,
2023-02-26 15:06,2023-02-26 17:18,2:12,Montpellier St-Roch,Toulouse Matabiau,,,SNCF,Intercités,4762,247,,112.3,Montpellier St-Roch - Toulouse Matabiau,,,
2023-04-07 18:50,2023-04-07 19:42,0:52,Toulouse Matabiau,Castelnaudary,€125.90,,SNCF,TER,876209,54.9,€0.09,63.3,Castelnaudary - Toulouse Matabiau,,,
2023-04-07 21:37,2023-04-08 06:33,8:56,Castelnaudary,Paris Austerlitz,,,SNCF,Intercités de Nuit,3738,891.3,,99.8,Castelnaudary - Paris Austerlitz,,,
2023-04-08 07:15,2023-04-08 10:26,3:11,Paris Gare de Lyon,Basel SBB,,,SNCF,TGV Lyria,9203,524.4,,164.7,Basel SBB - Paris Gare de Lyon,,,
2023-04-10 07:30,2023-04-10 07:44,0:14,St-Louis,Mulhouse,€7.80,,SNCF,TER,96210,27,€0.29,115.7,Mulhouse - St-Louis,,,
2023-04-10 07:52,2023-04-10 12:55,5:03,Mulhouse,Montpellier St-Roch,€58.90,,SNCF,TGV InOui,2203,711.6,€0.06,140.9,Montpellier St-Roch - Mulhouse,,,
2023-04-10 13:07,2023-04-10 15:12,2:05,Montpellier St-Roch,Toulouse Matabiau,,,SNCF,Intercités,4760,247,,118.6,Montpellier St-Roch - Toulouse Matabiau,,,
2023-05-27 11:35,2023-05-27 15:05,3:30,Toulouse Matabiau,Bayonne,€35.20,,SNCF,Intercités,14143,321.6,€0.11,91.9,Bayonne - Toulouse Matabiau,,,
2023-05-27 15:22,2023-05-27 15:30,0:08,Bayonne,Biarritz,,,SNCF,TER,NA F51,9.7,,72.7,Bayonne - Biarritz,,,
2023-05-29 10:40,2023-05-29 14:29,3:49,Biarritz,Toulouse Matabiau,€35.00,,SNCF,Intercités,14142,327.3,€0.11,85.8,Biarritz - Toulouse Matabiau,,,
2023-07-20 10:45,2023-07-20 12:52,2:07,Toulouse Matabiau,Montpellier St-Roch,€67.50,,SNCF,Intercités,4657,247,€0.07,116.7,Montpellier St-Roch - Toulouse Matabiau,,,
2023-07-20 13:55,2023-07-20 19:09,5:14,Montpellier St-Roch,Mulhouse,,,SNCF,TGV InOui,2204,711.6,,136.0,Montpellier St-Roch - Mulhouse,,,
2023-07-20 19:19,2023-07-20 19:42,0:23,Mulhouse,St-Louis,,,SNCF,TER,96141,27,,70.4,Mulhouse - St-Louis,,,
2023-07-23 13:04,2023-07-23 13:36,0:32,Thann—St-Jacques,Mulhouse,€2.80,,SNCF,TER,831639,21.3,€0.13,39.9,Mulhouse - Thann—St-Jacques,,,
2023-07-23 14:40,2023-07-23 17:56,3:16,Mulhouse,Lyon Part-Dieu,€91.90,,SNCF,TGV InOui,5537,396.8,€0.10,121.5,Lyon Part-Dieu - Mulhouse,,,
2023-07-23 18:09,2023-07-23 22:19,4:10,Lyon Part-Dieu,Toulouse Matabiau,,,SNCF,TGV InOui,6825,561,,134.6,Lyon Part-Dieu - Toulouse Matabiau via St-Roch,,,
2023-08-11 07:16,2023-08-11 08:52,1:36,Toulouse Matabiau,Narbonne,€1.00,,SNCF,TER,876251,149.5,€0.01,93.4,Narbonne - Toulouse Matabiau,,,
2023-08-11 09:06,2023-08-11 10:43,1:37,Narbonne,Nîmes Centre,€1.00,,SNCF,TER,876408,147.2,€0.01,91.1,Narbonne - Nîmes Centre,,,
2023-08-11 17:13,2023-08-11 18:52,1:39,Nîmes Centre,Narbonne,€1.00,,SNCF,TER,876425,147.2,€0.01,89.2,Narbonne - Nîmes Centre,,,
2023-08-11 19:08,2023-08-11 20:43,1:35,Narbonne,Toulouse Matabiau,€1.00,,SNCF,TER,876262,149.5,€0.01,94.4,Narbonne - Toulouse Matabiau,,,
2023-08-13 09:17,2023-08-13 10:23,1:06,Toulouse Matabiau,Albi Ville,€1.00,,SNCF,TER,870050,74.4,€0.01,67.6,Albi Ville - Toulouse Matabiau,,,
2023-08-13 12:17,2023-08-13 13:36,1:19,Albi Ville,Rodez,€1.00,,SNCF,TER,870006,82.2,€0.01,62.4,Albi Ville - Rodez,,,
2023-08-13 16:36,2023-08-13 18:07,1:31,Rodez,Gaillac,€1.00,,SNCF,TER,870013,103,€0.01,67.9,Gaillac - Rodez,,,
2023-08-13 19:49,2023-08-13 20:31,0:42,Gaillac,Toulouse Matabiau,€1.00,,SNCF,TER,871221,53.6,€0.02,76.6,Gaillac - Toulouse Matabiau,,,
2023-08-14 07:50,2023-08-14 09:30,1:40,Toulouse Matabiau,Mazamet,€1.00,,SNCF,TER,872402,105.2,€0.01,63.1,Mazamet - Toulouse Matabiau,,,
2023-08-14 12:31,2023-08-14 12:49,0:18,Mazamet,Castres,€1.00,,SNCF,TER,872460,19.1,€0.05,63.7,Castres - Mazamet,,,
2023-08-14 14:55,2023-08-14 16:02,1:07,Castres,Toulouse Matabiau,€1.00,,SNCF,TER,872462,85.7,€0.01,76.7,Castres - Toulouse Matabiau,,,
2023-08-15 08:28,2023-08-15 10:40,2:12,Toulouse Matabiau,Bordeaux St-Jean,€30.00,,SNCF,TGV InOui,8504,256.5,€0.06,116.6,Bordeaux St-Jean - Toulouse Matabiau,,,
2023-08-15 21:20,2023-08-15 23:31,2:11,Bordeaux St-Jean,Toulouse Matabiau,,,SNCF,TGV InOui,12213,256.5,,117.5,Bordeaux St-Jean - Toulouse Matabiau,,,
2023-10-05 10:45,2023-10-05 12:54,2:09,Toulouse Matabiau,Montpellier St-Roch,€61.90,€30.00,SNCF,Intercités,4657,247,€0.02,114.9,Montpellier St-Roch - Toulouse Matabiau,"Accident de personne à Escalquens, départ avec 2h40 de retard de Toulouse. Hôtel à Montpellier payé par SNCF, ainsi que trajet le lendemain.",,
2023-10-06 08:50,2023-10-06 12:18,3:28,Montpellier St-Roch,Paris Gare de Lyon,,,SNCF,TGV InOui,6030,738.9,,213.1,Montpellier St-Roch - Paris Gare de Lyon,,,
2023-10-06 14:22,2023-10-06 17:02,2:40,Paris Gare de Lyon,Mulhouse,,,SNCF,TGV Lyria,9215,490.4,,183.9,Mulhouse - Paris Gare de Lyon,,,
2023-10-06 17:16,2023-10-06 17:29,0:13,Mulhouse,St-Louis,€3.60,,SNCF,TER,96227,27,€0.13,124.6,Mulhouse - St-Louis,,,
2023-10-08 13:21,2023-10-08 13:35,0:14,Lausanne,Vevey,€12.00,,SBB,IR,1721,18.4,€0.65,78.9,Lausanne - Vevey,,,
2023-10-16 08:22,2023-10-16 09:58,1:36,Basel Badischer Bahnhof,Karlsruhe Hbf,€0.00,,DB,ICE,372,191.3,€0.00,119.6,Basel Badischer Bahnhof - Karlsruhe Hbf,10min retard,,
2023-10-16 10:06,2023-10-16 11:00,0:54,Karlsruhe Hbf,Stuttgart Hbf,€0.00,,Arverio,IRE,1,86.7,€0.00,96.3,Karlsruhe Hbf - Stuttgart Hbf,20min retard,,
2023-10-16 11:28,2023-10-16 11:36,0:08,Stuttgart Hbf,Stuttgart-Zuffenhausen,€0.00,,DB,S5,,6.3,€0.00,47.3,Stuttgart Hbf - Stuttgart-Zuffenhausen,,,
2023-10-16 12:47,2023-10-16 12:53,0:06,Stuttgart-Zuffenhausen,Ludwigsburg,€0.00,,DB,S4,,7.4,€0.00,74.0,Ludwigsburg - Stuttgart-Zuffenhausen,5min retard,,
2023-10-16 18:06,2023-10-16 18:13,0:07,Ludwigsburg,Stuttgart-Zuffenhausen,€0.00,,DB,S4,,7.4,€0.00,63.4,Ludwigsburg - Stuttgart-Zuffenhausen,,,
2023-10-18 11:51,2023-10-18 12:28,0:37,Stuttgart Hbf,Mannheim Hbf,€0.00,,DB,ICE,610,106.6,€0.00,172.9,Mannheim Hbf - Stuttgart Hbf,,,
2023-10-18 12:36,2023-10-18 14:15,1:39,Mannheim Hbf,Saarbrücken Hbf,€0.00,,DB,RE,1,130.2,€0.00,78.9,Mannheim Hbf - Saarbrücken Hbf,4min retard,,
2023-10-19 10:01,2023-10-19 10:13,0:12,Saarbrücken Hbf,Völklingen,€0.00,,DB,RB,70,10.6,€0.00,53.0,Saarbrücken Hbf - Völklingen,,,
2023-10-19 13:32,2023-10-19 13:41,0:09,Völklingen,Saarbrücken Hbf,€0.00,,DB,RE,1,10.6,€0.00,70.7,Saarbrücken Hbf - Völklingen,5min retard,41:08:00,
2023-10-20 09:39,2023-10-20 11:25,1:46,Saarbrücken Hbf,Strasbourg,€26.60,,SNCF,RE,19,114.7,€0.23,64.9,Saarbrücken Hbf - Strasbourg,,retard (min),total (min)
2023-10-20 15:51,2023-10-20 17:08,1:17,Strasbourg,Basel SBB,€14.00,,SNCF,TER,96225,141.5,€0.10,110.3,Basel SBB - Strasbourg,,125,2468
2023-10-23 08:22,2023-10-23 15:36,7:14,Basel Badischer Bahnhof,Hamburg Hbf,€4.90,,DB,ICE,372,864,€0.01,119.4,Basel Badischer Bahnhof - Hamburg Hbf,28min retard,5.06%,
2023-10-24 08:21,2023-10-24 10:50,2:29,Hamburg Hbf,Rostock Hbf,€0.00,,DB,RE,1,210.2,€0.00,84.6,Hamburg Hbf - Rostock Hbf,17min retard,,
2023-10-24 11:48,2023-10-24 12:09,0:21,Rostock Hbf,Warnemünde,€0.00,,DB,S2,,13.4,€0.00,38.3,Rostock Hbf - Warnemünde,,,
2023-10-24 13:33,2023-10-24 13:40,0:07,Warnemünde,Rostock-Lütten Klein,€0.00,,DB,S1,,5,€0.00,42.9,Rostock-Lütten Klein - Warnemünde,,,
2023-10-24 15:41,2023-10-24 15:55,0:14,Rostock-Lütten Klein,Rostock Hbf,€0.00,,DB,S1,,8.4,€0.00,36.0,Rostock Hbf - Rostock-Lütten Klein,,,
2023-10-25 09:00,2023-10-25 10:55,1:55,Rostock Hbf,Ostseebad Binz,€0.00,,DB,RE,9,123.1,€0.00,64.2,Ostseebad Binz - Rostock Hbf,,,
2023-10-25 12:40,2023-10-25 13:05,0:25,Binz LB,Sellin (Rügen) Ost,€0.00,,RBB,PRE,105,8.2,€0.00,19.7,Binz LB - Sellin (Rügen) Ost,,,
2023-10-25 15:53,2023-10-25 16:37,0:44,Göhren (Rügen),Binz LB,€0.00,,RBB,PRE,108,13.2,€0.00,18.0,Binz LB - Göhren (Rügen),,,
2023-10-25 17:02,2023-10-25 18:55,1:53,Ostseebad Binz,Rostock Hbf,€0.00,,DB,RE,9,123.1,€0.00,65.4,Ostseebad Binz - Rostock Hbf,,,
2023-10-26 08:11,2023-10-26 10:03,1:52,Rostock Hbf,Züssow,€0.00,,DB,RE,10,121.1,€0.00,64.9,Rostock Hbf - Züssow,"12min retard, train suivant attend",,
2023-10-26 10:08,2023-10-26 10:47,0:39,Züssow,Zinnowitz,€0.00,,DB,RB,23,28.1,€0.00,43.2,Zinnowitz - Züssow,4min de retard,,
2023-10-26 11:13,2023-10-26 11:27,0:14,Zinnowitz,Peenemünde,€0.00,,DB,RB,24,12.7,€0.00,54.4,Peenemünde - Zinnowitz,,,
2023-10-26 15:32,2023-10-26 15:46,0:14,Peenemünde,Zinnowitz,€0.00,,DB,RB,24,12.7,€0.00,54.4,Peenemünde - Zinnowitz,,,
2023-10-26 16:11,2023-10-26 16:48,0:37,Zinnowitz,Züssow,€0.00,,DB,RB,23,28.1,€0.00,45.6,Zinnowitz - Züssow,,,
2023-10-26 17:05,2023-10-26 17:43,0:38,Züssow,Stralsund Hbf,€0.00,,DB,RE,3,48.8,€0.00,77.1,Stralsund Hbf - Züssow,,,
2023-10-26 17:59,2023-10-26 18:55,0:56,Stralsund Hbf,Rostock Hbf,€0.00,,DB,RE,9,73.1,€0.00,78.3,Rostock Hbf - Stralsund Hbf,,,
2023-10-27 08:21,2023-10-27 10:23,2:02,Rostock Hbf,Berlin Hbf,€4.90,,DB,IC,2175,222.8,€0.01,109.6,Berlin Hbf - Rostock Hbf,,,
2023-10-27 11:01,2023-10-27 13:07,2:06,Berlin Hbf,Dresden Hbf,,,DB,EC,379,194.8,,92.8,Berlin Hbf - Dresden Hbf,5min retard,,
2023-10-29 09:23,2023-10-29 10:30,1:07,Dresden Hbf,Leipzig Hbf,€0.00,,DB,IC,2548,124.8,€0.00,111.8,Dresden Hbf - Leipzig Hbf,,,
2023-10-31 09:48,2023-10-31 11:52,2:04,Leipzig Hbf,Nürnberg Hbf,€0.00,,DB,ICE,505,311.2,€0.00,150.6,Leipzig Hbf - Nürnberg Hbf,4min retard ,,
2023-11-01 13:30,2023-11-01 15:36,2:06,Nürnberg Hbf,Frankfurt (Main) Hbf,€4.90,,DB,ICE,28,226.1,€0.01,107.7,Frankfurt (Main) Hbf - Nürnberg Hbf,,,
2023-11-01 16:06,2023-11-01 18:46,2:40,Frankfurt (Main) Hbf,Basel Badischer Bahnhof,,,DB,ICE,77,328.1,,123.0,Basel Badischer Bahnhof - Frankfurt (Main) Hbf,11min retard,,
2023-11-02 07:16,2023-11-02 07:39,0:23,St-Louis,Mulhouse,€3.50,,SNCF,TER,96104,27,€0.13,70.4,Mulhouse - St-Louis,,,
2023-11-02 07:52,2023-11-02 12:54,5:02,Mulhouse,Montpellier St-Roch,€61.90,,SNCF,TGV InOui,5521,712.4,€0.06,141.5,Montpellier St-Roch - Mulhouse via Villefranche-sur-Saône,,,
2023-11-02 13:06,2023-11-02 15:18,2:12,Montpellier St-Roch,Toulouse Matabiau,,,SNCF,Intercités,4760,247,,112.3,Montpellier St-Roch - Toulouse Matabiau,,,
2023-12-23 10:43,2023-12-23 12:56,2:13,Toulouse Matabiau,Montpellier St-Roch,€125.00,,SNCF,Intercités,4657,247,€0.13,111.4,Montpellier St-Roch - Toulouse Matabiau,,,
2023-12-23 13:57,2023-12-23 19:09,5:12,Montpellier St-Roch,Mulhouse,,,SNCF,TGV InOui,5500,711.6,,136.8,Montpellier St-Roch - Mulhouse,15min retard prise en charge passager à Dijon,,
2023-12-23 19:44,2023-12-23 19:59,0:15,Mulhouse,St-Louis,€3.60,,SNCF,TER,96235,27,€0.13,108.0,Mulhouse - St-Louis,,,
2023-12-26 08:29,2023-12-26 09:39,1:10,St-Louis,Strasbourg,€13.50,,SNCF,TER,96214,134.8,€0.10,115.5,St-Louis - Strasbourg,,,
2023-12-26 10:47,2023-12-26 12:33,1:46,Strasbourg,Paris Gare de l’Est,€69.00,,SNCF,TGV InOui,2356,438.7,€0.16,248.3,Paris Gare de l’Est - Strasbourg,,,
2023-12-26 14:42,2023-12-26 16:02,1:20,Paris Gare du Nord,London St-Pancras,€104.00,,Eurostar,Eurostar,9037,490.8,€0.21,210.3,London St-Pancras - Paris Gare du Nord,,,
2023-12-28 08:53,2023-12-28 11:05,2:12,London Euston,Manchester Piccadilly,€22.32,€11.03,AWC,Avanti West Coast ,,295.2,€0.04,134.2,London Euston - Manchester Piccadilly,24min late after first train (30min earlier) cancelled and people moved to this one,,
2023-12-28 16:43,2023-12-28 17:39,0:56,Manchester Piccadilly,Sheffield,€22.32,€22.04,EMR,East Midlands Railway,,68.5,€0.00,73.4,Manchester Piccadilly - Sheffield,"to specify on map, 5 min late via Stockport chinley dore",,
2023-12-28 18:00,2023-12-28 20:24,2:24,Sheffield,London St-Pancras,,,EMR,East Midlands Railway,,264.7,,110.3,London St-Pancras - Sheffield,"to specify on map, via chesterfield derby long-eaton east-midlands-parkway Loughborough Leicester ",,
2024-01-01 10:24,2024-01-01 13:48,3:24,London St-Pancras,Paris Gare du Nord,€104.00,,Eurostar,Eurostar,9018,490.8,€0.21,204.5,London St-Pancras - Paris Gare du Nord,10min retard,,
2024-01-01 15:11,2024-01-01 19:22,4:11,Paris Montparnasse,Toulouse Matabiau,€56.00,,SNCF,TGV InOui,8509,793.9,€0.07,189.8,Paris Montparnasse - Toulouse Matabiau,,,
2024-01-13 07:13,2024-01-13 10:43,3:30,Toulouse Matabiau,Port Bou,€19.80,,SNCF,TER,86971,257.5,€0.08,73.6,Port Bou - Toulouse Matabiau,,,
2024-01-13 13:26,2024-01-13 14:02,0:36,Cerbère,Perpignan,€4.50,,SNCF,TER,86970,41.3,€0.11,68.8,Cerbère - Perpignan,,,
2024-01-14 08:10,2024-01-14 09:00,0:50,Perpignan,Villefranche-Vernet-les-Bains,€1.00,,SNCF,TER,877667,46.2,€0.02,55.4,Perpignan - Villefranche-Vernet-les-Bains,,,
2024-01-14 09:36,2024-01-14 12:31,2:55,Villefranche-Vernet-les-Bains,Latour-de-Carol – Enveitg,€5.00,,SNCF,TER,17301,62.4,€0.08,21.4,Latour-de-Carol – Enveitg - Villefranche-Vernet-les-Bains,Le train jaune,,
2024-01-14 13:33,2024-01-14 16:14,2:41,Latour-de-Carol – Enveitg,Toulouse Matabiau,€14.10,,SNCF,TER,871482,163.1,€0.09,60.8,Latour-de-Carol – Enveitg - Toulouse Matabiau,,,
2024-04-26 10:42,2024-04-26 12:56,2:14,Toulouse Matabiau,Montpellier St-Roch,€0.00,,SNCF,Intercités,4657,247,€0.00,110.6,Montpellier St-Roch - Toulouse Matabiau,arrivée à Montpellier avec 10 min de retard après blocage en gare de Sète pour défaillance technique de la loco,,
2024-04-26 13:57,2024-04-26 19:09,5:12,Montpellier St-Roch,Mulhouse,€0.00,,SNCF,TGV InOui,5500,711.6,€0.00,136.8,Montpellier St-Roch - Mulhouse,,,
2024-04-26 19:16,2024-04-26 19:29,0:13,Mulhouse,St-Louis,€0.00,,SNCF,TER,96281,27,€0.00,124.6,Mulhouse - St-Louis,,,
2024-04-29 06:16,2024-04-29 08:24,2:08,Basel Badischer Bahnhof,Mannheim Hbf,€4.90,,DB,ICE,374,249.3,€0.01,116.9,Basel Badischer Bahnhof - Mannheim Hbf,,,
2024-04-29 08:36,2024-04-29 14:14,5:38,Mannheim Hbf,Hamburg Hbf,,,DB,ICE,614,695.7,,123.5,Hamburg Hbf - Mannheim Hbf via Dortmund,30min de retard ,,
2024-04-29 14:53,2024-04-29 19:34,4:41,Hamburg Hbf,København,€5.90,,DB,EC,392,506.4,€0.01,108.1,Hamburg Hbf - København,départ 19min en retard,,
2024-04-29 19:44,2024-04-29 20:25,0:41,København,Malmö Central,€0.00,,Øresundståg,R,1124,46.9,€0.00,68.6,København - Malmö Central,,,
2024-04-30 08:50,2024-04-30 09:29,0:39,Malmö Central,København,€0.00,,Øresundståg,R,1039,46.9,€0.00,72.2,København - Malmö Central,,,
2024-04-30 21:30,2024-04-30 22:10,0:40,København,Malmö Central,€0.00,,Øresundståg,R,1138,46.9,€0.00,70.4,København - Malmö Central,,,
2024-05-01 08:42,2024-05-01 08:52,0:10,Malmö Central,Lund Central,€3.72,,Øresundståg,R,1030,16.5,€0.23,99.0,Lund Central - Malmö Central,,,
2024-05-01 12:57,2024-05-01 13:09,0:12,Lund Central,Malmö Central,€3.72,,Skånetrafiken,R,11417,16.5,€0.23,82.5,Lund Central - Malmö Central,,,
2024-05-02 09:05,2024-05-02 09:45,0:40,Malmö Central,København,€12.84,,Øresundståg,R,1041,46.9,€0.27,70.3,København - Malmö Central,,,
2024-05-02 17:30,2024-05-02 18:10,0:40,København,Malmö Central,€12.87,,Øresundståg,R,1106,46.9,€0.27,70.3,København - Malmö Central,,,
2024-05-03 08:35,2024-05-03 09:15,0:40,Malmö Central,København,€0.00,,Øresundståg,R,1037,46.9,€0.00,70.4,København - Malmö Central,,,
2024-05-03 09:30,2024-05-03 10:25,0:55,København,Helsingør St.,€0.00,,DSB,R,4214,46.1,€0.00,50.3,Helsingør St. - København,,,
2024-05-03 17:35,2024-05-03 18:18,0:43,Helsingborg Central,Malmö Central,€0.00,,Øresundståg,R,1115,68.9,€0.00,96.1,Helsingborg Central - Malmö Central,,,
2024-05-04 07:07,2024-05-04 11:33,4:26,Malmö Central,Stockholm Central,€13.34,,SJ,HST,526,613.19,€0.02,138.3,Malmö Central - Stockholm Central,,,
2024-05-06 21:55,2024-05-07 10:51,12:56,Stockholm Central,Boden C,€25.00,,VY,NT,92,1016.7,€0.02,78.6,Boden C - Stockholm Central,30min de retard,,
2024-05-07 11:45,2024-05-07 15:00,3:15,Boden C,Kiruna station,€0.00,,Norrtåg,RE,7152,273.6,€0.00,84.2,Boden C - Kiruna station,35min de retard,,
2024-05-11 05:51,2024-05-11 09:03,3:12,Kiruna station,Boden C,€0.00,,Norrtåg,RE,7151,273.6,€0.00,85.5,Boden C - Kiruna station,8min de retard,,
2024-05-11 09:13,2024-05-11 12:27,3:14,Boden C,Umeå Central,€0.00,,Norrtåg,RE,7103,315.2,€0.00,97.5,Boden C - Umeå Central,,,
2024-05-11 15:13,2024-05-11 17:54,2:41,Umeå Central,Sundsvall,€13.34,,SJ,HST,587,308.5,€0.04,115.0,Sundsvall - Umeå Central,,,
2024-05-12 14:10,2024-05-12 18:25,4:15,Sundsvall,Storlien station,€0.00,,Norrtåg,RE,7510,357.2,€0.00,84.0,Storlien station - Sundsvall,14min de retard,,
2024-05-12 18:49,2024-05-12 20:28,1:39,Storlien station,Trondheim,€0.00,,SJ,T,1306,104,€0.00,63.0,Storlien station - Trondheim,,,
2024-05-14 06:07,2024-05-14 13:48,7:41,Trondheim,Oslo S,€0.00,,SJ,REG,92382,556.8,€0.00,72.5,Oslo S - Trondheim,,,
2024-05-16 07:58,2024-05-16 11:45,3:47,Oslo S,Göteborg Centralstation,€0.00,,VY,IC,107,344.9,€0.00,91.2,Göteborg Centralstation - Oslo S,,,
2024-05-17 08:40,2024-05-17 12:29,3:49,Göteborg Centralstation,København,€3.00,,Øresundståg,RE,1063,339.4,€0.01,88.9,Göteborg Centralstation - København,,,
2024-05-17 13:26,2024-05-17 18:04,4:38,København,Hamburg Hbf,€5.90,,DB,EC,397,506.4,€0.01,109.3,Hamburg Hbf - København,7min de retard,,
2024-05-18 08:28,2024-05-18 16:46,8:18,Hamburg Hbf,Basel Badischer Bahnhof,€4.90,,DB,ICE,75,845.4,€0.01,101.9,Basel Badischer Bahnhof - Hamburg Hbf via Marburg,"via Marburg, 39min de retard",,
2024-05-20 07:29,2024-05-20 07:44,0:15,St-Louis,Mulhouse,€0.00,,SNCF,TER,96210,27,€0.00,108.0,Mulhouse - St-Louis,,,
2024-05-20 07:52,2024-05-20 12:54,5:02,Mulhouse,Montpellier St-Roch,€0.00,,SNCF,TGV InOui,5521,712.4,€0.00,141.5,Montpellier St-Roch - Mulhouse via Villefranche-sur-Saône,,,
2024-05-20 13:06,2024-05-20 15:18,2:12,Montpellier St-Roch,Toulouse Matabiau,€0.00,,SNCF,Intercités,4760,247,€0.00,112.3,Montpellier St-Roch - Toulouse Matabiau,5min de retard,,
2024-08-15 10:43,2024-08-15 12:56,2:13,Toulouse Matabiau,Montpellier St-Roch,€32.00,,SNCF,Intercités,4657,247,€0.13,111.4,Montpellier St-Roch - Toulouse Matabiau,3min de retard,,
2024-08-15 13:57,2024-08-15 19:09,5:12,Montpellier St-Roch,Mulhouse,€65.00,€24.30,SNCF,TGV InOui,2204,711.6,€0.06,136.8,Montpellier St-Roch - Mulhouse,"1h15 de retard au départ, 1h20 à l'arrivée, pour cause incendie à proximité des voies entre Montpellier et Lunel",,
2024-08-15 20:46,2024-08-15 20:59,0:13,Mulhouse,St-Louis,€3.70,,SNCF,TER,96239,27,€0.14,124.6,Mulhouse - St-Louis,,,
2024-08-18 07:21,2024-08-18 07:44,0:23,Basel SBB,Mulhouse,€7.10,,SNCF,TER,96210,33.8,€0.21,88.2,Basel SBB - Mulhouse,,,
2024-08-18 07:52,2024-08-18 12:54,5:02,Mulhouse,Montpellier St-Roch,€88.00,€33.00,SNCF,TGV InOui,5521,712.4,€0.08,141.5,Montpellier St-Roch - Mulhouse via Villefranche-sur-Saône,20min de retard à l'arrivée à cause de régulation du trafic à Lyon Part-Dieu,,
2024-08-18 13:17,2024-08-18 14:28,1:11,Montpellier St-Roch,Narbonne,€44.00,,SNCF,TGV InOui,9733,97.3,€0.18,82.2,Montpellier St-Roch - Narbonne,"emprunté suite à rupture de correspondance, circule avec 5min de retard",,
2024-08-18 15:02,2024-08-18 16:42,1:40,Narbonne,Toulouse Matabiau,,,SNCF,TER,86970,149.5,,89.7,Narbonne - Toulouse Matabiau,,,
2024-10-03 10:21,2024-10-03 14:49,4:28,Toulouse Matabiau,Paris Montparnasse,€46.00,,SNCF,TGV InOui,8508,793.9,€0.06,177.7,Paris Montparnasse - Toulouse Matabiau,,,
2024-10-03 15:55,2024-10-03 17:41,1:46,Paris Gare de l’Est,Strasbourg,€54.00,,SNCF,TGV InOui,2067,438.7,€0.12,248.3,Paris Gare de l’Est - Strasbourg,,,
2024-10-03 20:21,2024-10-03 21:29,1:08,Strasbourg,St-Louis,€13.90,,SNCF,TER,96269,134.8,€0.10,118.9,St-Louis - Strasbourg,,,
2024-10-06 07:29,2024-10-06 07:44,0:15,St-Louis,Mulhouse,€3.70,,SNCF,TER,96210,27,€0.14,108.0,Mulhouse - St-Louis,,,
2024-10-06 07:52,2024-10-06 12:54,5:02,Mulhouse,Montpellier St-Roch,€53.00,,SNCF,TGV InOui,5521,712.4,€0.07,141.5,Montpellier St-Roch - Mulhouse via Villefranche-sur-Saône,,,
2024-10-06 15:03,2024-10-06 17:20,2:17,Montpellier St-Roch,Toulouse Matabiau,€29.00,,SNCF,Intercités,4762,247,€0.12,108.2,Montpellier St-Roch - Toulouse Matabiau,,,
2024-10-12 07:39,2024-10-12 11:48,4:09,Toulouse Matabiau,Lyon Part-Dieu,€0.00,,SNCF,TGV InOui,6871,554.5,€0.00,133.6,Lyon Part-Dieu - Toulouse Matabiau via Sud de France,,,
2024-10-12 12:38,2024-10-12 14:04,1:26,Lyon Part-Dieu,Bellegarde-sur-Valserine,€0.00,,SNCF,TER,96510,129.1,€0.00,90.1,Bellegarde-sur-Valserine - Lyon Part-Dieu,,,
2024-10-12 14:15,2024-10-12 15:39,1:24,Bellegarde-sur-Valserine,Évian-les-Bains,€0.00,,SNCF,TER,884521,77.1,€0.00,55.1,Bellegarde-sur-Valserine - Évian-les-Bains,,,
2024-10-13 12:44,2024-10-13 15:01,2:17,Lausanne,Luzern,€0.00,,SBB,IR,15,207.2,€0.00,90.7,Lausanne - Luzern,,,
2024-10-13 15:06,2024-10-13 15:38,0:32,Luzern,Arth-Goldau,€0.00,,SBB,S3,21357,27.8,€0.00,52.1,Arth-Goldau - Luzern,,,
2024-10-13 15:49,2024-10-13 16:58,1:09,Arth-Goldau,Lugano,€0.00,,SBB,IC,2,134.4,€0.00,116.9,Arth-Goldau - Lugano,,,
2024-10-13 17:02,2024-10-13 18:17,1:15,Lugano,Milano Centrale,€0.00,,TiLo,RE,80,76.4,€0.00,61.1,Lugano - Milano Centrale,,,
2024-10-19 08:50,2024-10-19 09:50,1:00,Milano Centrale,Torino Porta Nuova,€15.00,,Trenitalia,Frecciarossa,9702,144.1,€0.10,144.1,Milano Centrale - Torino Porta Nuova,"2min de retard au départ, 6 à l'arrivée",,
2024-10-19 10:30,2024-10-19 11:29,0:59,Torino Porta Nuova,Alessandria,€0.00,,Trenitalia,RV,2123,89.8,€0.00,91.3,Alessandria - Torino Porta Nuova,,,
2024-10-19 11:40,2024-10-19 13:47,2:07,Alessandria,Savona,€0.00,,Trenitalia,RE,11463,102.2,€0.00,48.3,Alessandria - Savona,,,
2024-10-19 14:20,2024-10-19 16:08,1:48,Savona,Ventimiglia,€0.00,,Trenitalia,RV,33294,99.6,€0.00,55.3,Savona - Ventimiglia,,,
2024-10-20 10:17,2024-10-20 11:11,0:54,Ventimiglia,Nice Ville,€0.00,,SNCF,TER,86026,34.8,€0.00,38.7,Nice Ville - Ventimiglia,,,
2024-10-20 14:37,2024-10-20 17:03,2:26,Nice Ville,Marseille St-Charles,€0.00,,SNCF,TGV InOui,6850,223.9,€0.00,92.0,Marseille St-Charles - Nice Ville,,,
2024-10-20 17:28,2024-10-20 21:17,3:49,Marseille St-Charles,Toulouse Matabiau,€0.00,,SNCF,Intercités,4766,422.9,€0.00,110.8,Marseille St-Charles - Toulouse Matabiau,7min de retard à l'arrivée,,
2024-12-18 10:42,2024-12-18 12:54,2:12,Toulouse Matabiau,Montpellier St-Roch,€23.00,,SNCF,Intercités,4657,247,€0.09,112.3,Montpellier St-Roch - Toulouse Matabiau,,,
2024-12-18 13:57,2024-12-18 19:09,5:12,Montpellier St-Roch,Mulhouse,€53.00,,SNCF,TGV InOui,5500,711.6,€0.07,136.8,Montpellier St-Roch - Mulhouse,20min de retard à l'arrivée,,
2024-12-18 19:46,2024-12-18 20:00,0:14,Mulhouse,St-Louis,€3.70,,SNCF,TER,96235,27,€0.14,115.7,Mulhouse - St-Louis,,,
2024-12-26 07:30,2024-12-26 07:44,0:14,St-Louis,Mulhouse,€3.70,,SNCF,TER,96210,27,€0.14,115.7,Mulhouse - St-Louis,,,
2024-12-26 07:52,2024-12-26 12:52,5:00,Mulhouse,Montpellier St-Roch,€70.00,,SNCF,TGV InOui,5521,712.4,€0.10,142.5,Montpellier St-Roch - Mulhouse via Villefranche-sur-Saône,,,
2024-12-26 13:05,2024-12-26 15:15,2:10,Montpellier St-Roch,Toulouse Matabiau,€32.00,,SNCF,Intercités,4760,247,€0.13,114.0,Montpellier St-Roch - Toulouse Matabiau,,,
2025-02-02 07:47,2025-02-02 10:13,2:26,Toulouse Matabiau,Porté-Puymorens,€13.30,,SNCF,TER,871481,150.2,€0.09,61.7,Porté-Puymorens - Toulouse Matabiau,,,
2025-02-02 15:39,2025-02-02 18:14,2:35,Porté-Puymorens,Toulouse Matabiau,€1.00,,SNCF,TER,871484,150.2,€0.01,58.1,Porté-Puymorens - Toulouse Matabiau,,,
2025-02-09 07:47,2025-02-09 10:13,2:26,Toulouse Matabiau,Porté-Puymorens,€13.30,,SNCF,TER,871481,150.2,€0.09,61.7,Porté-Puymorens - Toulouse Matabiau,30min retard au départ et à l'arrivée,,
2025-02-09 15:39,2025-02-09 18:14,2:35,Porté-Puymorens,Toulouse Matabiau,€13.30,,SNCF,TER,871484,150.2,€0.09,58.1,Porté-Puymorens - Toulouse Matabiau,,,
2025-02-21 07:39,2025-02-21 11:48,4:09,Toulouse Matabiau,Lyon Part-Dieu,€42.00,,SNCF,TGV InOui,6871,554.5,€0.08,133.6,Lyon Part-Dieu - Toulouse Matabiau via Sud de France,5min retard à l'arrivée,,
2025-02-21 12:38,2025-02-21 14:04,1:26,Lyon Part-Dieu,Bellegarde-sur-Valserine,€20.20,,SNCF,TER,96510,129.1,€0.10,90.1,Bellegarde-sur-Valserine - Lyon Part-Dieu,,,
2025-02-21 14:15,2025-02-21 15:39,1:24,Bellegarde-sur-Valserine,Évian-les-Bains,,,SNCF,TER,884521,77.1,,55.1,Bellegarde-sur-Valserine - Évian-les-Bains,,,
2025-02-22 13:23,2025-02-22 13:33,0:10,Lausanne,Morges,€8.30,,SBB,IR,15,12.5,€0.66,75.0,Lausanne - Morges,,,
2025-02-24 09:21,2025-02-24 10:12,0:51,Évian-les-Bains,Genève Eaux-Vives,€32.30,,SNCF,TER,L1,44.8,€0.32,52.7,Évian-les-Bains - Genève Eaux-Vives,,,
2025-02-24 16:55,2025-02-24 18:09,1:14,Genève-Sécheron,Évian-les-Bains,,,SNCF,TER,L1,54.8,,44.4,Évian-les-Bains - Genève-Sécheron,,,
2025-02-25 08:21,2025-02-25 09:42,1:21,Évian-les-Bains,Bellegarde-sur-Valserine,€20.20,,SNCF,TER,884558,77.1,€0.10,57.1,Bellegarde-sur-Valserine - Évian-les-Bains,,,
2025-02-25 10:00,2025-02-25 11:22,1:22,Bellegarde-sur-Valserine,Lyon Part-Dieu,,,SNCF,TER,96558,129.1,,94.5,Bellegarde-sur-Valserine - Lyon Part-Dieu,,,
2025-02-25 12:09,2025-02-25 16:21,4:12,Lyon Part-Dieu,Toulouse Matabiau,€34.00,,SNCF,TGV InOui,6823,561,€0.06,133.6,Lyon Part-Dieu - Toulouse Matabiau via St-Roch,"7min de retard au départ, 5 à l'arrivée ",,
2025-03-01 10:47,2025-03-01 12:54,2:07,Toulouse Matabiau,Mérens-les-Vals,€1.00,,SNCF,TER,871483,133.1,€0.01,62.9,Mérens-les-Vals - Toulouse Matabiau,15min de retard à l'arrivée,,
2025-03-01 14:10,2025-03-01 16:14,2:04,Mérens-les-Vals,Toulouse Matabiau,€1.00,,SNCF,TER,871482,133.1,€0.01,64.4,Mérens-les-Vals - Toulouse Matabiau,10min de retard à l'arrivée,,
2025-03-06 19:44,2025-03-07 07:03,11:19,Toulouse Matabiau,Paris Austerlitz,€27.00,,SNCF,Intercités de Nuit,3750,836.6,€0.03,73.9,Paris Austerlitz - Toulouse Matabiau via Bordeaux,,,
2025-03-09 14:02,2025-03-09 18:49,4:47,Paris Montparnasse,Toulouse Matabiau,€73.00,,SNCF,TGV InOui,8509,793.9,€0.09,166.0,Paris Montparnasse - Toulouse Matabiau,,,
2025-04-03 08:13,2025-04-03 12:57,4:44,Toulouse Matabiau,Paris Montparnasse,€73.00,,SNCF,TGV InOui,8504,793.9,€0.09,167.7,Paris Montparnasse - Toulouse Matabiau,,,
2025-04-03 13:53,2025-04-03 15:39,1:46,Paris Gare de l’Est,Strasbourg,€52.00,,SNCF,TGV InOui,2369,438.7,€0.12,248.3,Paris Gare de l’Est - Strasbourg,,,
2025-04-03 20:21,2025-04-03 21:30,1:09,Strasbourg,St-Louis,€14.30,,SNCF,TER,96269,134.8,€0.11,117.2,St-Louis - Strasbourg,,,
2025-04-07 07:16,2025-04-07 07:39,0:23,St-Louis,Mulhouse,€3.80,,SNCF,TER,96104,27,€0.14,70.4,Mulhouse - St-Louis,10min de retard à l'arrivée à cause d'individus sur les voies,,
2025-04-07 07:52,2025-04-07 12:52,5:00,Mulhouse,Montpellier St-Roch,€55.00,,SNCF,TGV InOui,2203,712.4,€0.08,142.5,Montpellier St-Roch - Mulhouse via Villefranche-sur-Saône,10min de retard au départ,,
2025-04-07 13:06,2025-04-07 15:15,2:09,Montpellier St-Roch,Toulouse Matabiau,€17.00,,SNCF,Intercités,4760,247,€0.07,114.9,Montpellier St-Roch - Toulouse Matabiau,,,
2025-05-01 07:39,2025-05-01 11:48,4:09,Toulouse Matabiau,Lyon Part-Dieu,€59.00,,SNCF,TGV InOui,6871,554.5,€0.11,133.6,Lyon Part-Dieu - Toulouse Matabiau via Sud de France,,,
2025-05-01 12:38,2025-05-01 14:04,1:26,Lyon Part-Dieu,Bellegarde-sur-Valserine,€20.20,,SNCF,TER,96510,129.1,€0.10,90.1,Bellegarde-sur-Valserine - Lyon Part-Dieu,,,
2025-05-01 14:15,2025-05-01 15:39,1:24,Bellegarde-sur-Valserine,Évian-les-Bains,,,SNCF,TER,884521,77.1,,55.1,Bellegarde-sur-Valserine - Évian-les-Bains,10min de retard à l'arrivée à cause d'un passage à niveau,,
2025-05-04 14:21,2025-05-04 15:42,1:21,Évian-les-Bains,Bellegarde-sur-Valserine,€20.20,,SNCF,TER,884570,77.1,€0.10,57.1,Bellegarde-sur-Valserine - Évian-les-Bains,,,
2025-05-04 16:00,2025-05-04 17:22,1:22,Bellegarde-sur-Valserine,Lyon Part-Dieu,,,SNCF,TER,96570,129.1,,94.5,Bellegarde-sur-Valserine - Lyon Part-Dieu,,,
2025-05-04 18:10,2025-05-04 22:19,4:09,Lyon Part-Dieu,Toulouse Matabiau,€81.00,,SNCF,TGV InOui,6825,561,€0.14,135.2,Lyon Part-Dieu - Toulouse Matabiau via St-Roch,5min de retard à l'arrivée,,
2025-05-08 09:22,2025-05-08 10:24,1:02,Toulouse Matabiau,Carcassonne,€8.40,,SNCF,TER,86973,90.7,€0.09,87.8,Carcassonne - Toulouse Matabiau,,,
2025-05-08 15:42,2025-05-08 16:42,1:00,Carcassonne,Toulouse Matabiau,€8.40,,SNCF,TER,86970,90.7,€0.09,90.7,Carcassonne - Toulouse Matabiau,5min de retard à l'arrivée,,
,,,,,,,,,,,,,,,,
2025-05-30 07:39,2025-05-30 09:56,2:17,Toulouse Matabiau,Montpellier Sud de France,€29.00,,SNCF,TGV InOui,6871,248.1,€0.12,108.7,Montpellier Sud de France - Toulouse Matabiau,,,
2025-05-30 16:03,2025-05-30 17:06,1:03,Le Grau-du-Roi,Nîmes Centre,€1.00,,SNCF,TER,877558,45.2,€0.02,43.0,Le Grau-du-Roi - Nîmes Centre,,,
2025-05-30 17:13,2025-05-30 18:52,1:39,Nîmes Centre,Narbonne,€22.30,,SNCF,TER,876425,147.2,€0.08,89.2,Narbonne - Nîmes Centre,,,
2025-05-30 19:08,2025-05-30 20:41,1:33,Narbonne,Toulouse Matabiau,,,SNCF,TER,876262,149.5,,96.5,Narbonne - Toulouse Matabiau,,,
,,,,,,,,,,,,,,,,
,,,,,,,,,,,,,,,,
,,,,,,,,,,,,,,,,
2025-06-10 10:20,2025-06-10 15:02,4:42,Toulouse Matabiau,Paris Montparnasse,€0.00,,SNCF,TGV InOui,8508,793.9,€0.00,168.9,Paris Montparnasse - Toulouse Matabiau,,,
2025-06-10 17:25,2025-06-10 20:02,2:37,Paris Gare du Nord,Rotterdam Centraal,€37.00,,Eurostar,Eurostar,9469,456.9,€0.08,174.6,Paris Gare du Nord - Rotterdam Centraal,,,
,,,,,,,,,,,,,,,,
,,,,,,,,,,,,,,,,
,,,,,,,,,,,,,,,,
2025-06-20 10:24,2025-06-20 10:40,0:16,Darmstadt Hbf,Frankfurt (Main) Hbf,€0.00,,DB,IC,2374,27.6,€0.00,103.5,Darmstadt Hbf - Frankfurt (Main) Hbf,,,
2025-06-20 10:50,2025-06-20 13:48,2:58,Frankfurt (Main) Hbf,Basel SBB,€0.00,,DB,ICE,277,332.5,€0.00,112.1,Basel SBB - Frankfurt (Main) Hbf,,,
2025-06-20 13:56,2025-06-20 14:56,1:00,Basel SBB,Bern,€0.00,,SBB,EC,7,100.3,€0.00,100.3,Basel SBB - Bern,,,
2025-06-20 15:04,2025-06-20 16:20,1:16,Bern,Lausanne,€0.00,,SBB,IR,15,96.7,€0.00,76.3,Bern - Lausanne,,,
,,,,,,,,,,,,,,,,
2025-06-21 14:21,2025-06-21 15:42,1:21,Évian-les-Bains,Bellegarde-sur-Valserine,€0.00,,SNCF,TER,884570,77.1,€0.00,57.1,Bellegarde-sur-Valserine - Évian-les-Bains,,,
2025-06-21 16:00,2025-06-21 17:22,1:22,Bellegarde-sur-Valserine,Lyon Part-Dieu,€0.00,,SNCF,TER,96570,129.1,€0.00,94.5,Bellegarde-sur-Valserine - Lyon Part-Dieu,,,
2025-06-21 18:10,2025-06-21 22:19,4:09,Lyon Part-Dieu,Toulouse Matabiau,€0.00,,SNCF,TGV InOui,6825,561,€0.00,135.2,Lyon Part-Dieu - Toulouse Matabiau via St-Roch,,,
,,,,,,,,,,,,,,,,
,,,,,,,,,,,,,,,,
,,,,,,,,,,,,,,,,
2025-07-17 12:42,2025-07-17 14:56,2:14,Toulouse Matabiau,Montpellier St-Roch,€35.00,,SNCF,Intercités,4659,247,€0.14,110.6,Montpellier St-Roch - Toulouse Matabiau,,,
2025-07-17 15:17,2025-07-17 16:32,1:15,Montpellier St-Roch,Valence TGV,€24.50,,SNCF,TGV InOui,6220,211.8,€0.12,169.4,Montpellier St-Roch - Valence TGV,,,
2025-07-17 17:14,2025-07-17 21:08,3:54,Valence TGV,Mulhouse,€42.00,,SNCF,TGV InOui,2096,499.1,€0.08,128.0,Mulhouse - Valence TGV,,,
2025-07-17 21:16,2025-07-17 21:30,0:14,Mulhouse,St-Louis,€3.80,,SNCF,TER,96269,27,€0.14,115.7,Mulhouse - St-Louis,,,
,,,,,,,,,,,,,,,,
2025-07-21 13:30,2025-07-21 13:44,0:14,St-Louis,Mulhouse,,,SNCF,TER,96282,27,€0.00,115.7,Mulhouse - St-Louis,,,
2025-07-21 14:40,2025-07-21 17:56,3:16,Mulhouse,Lyon Part-Dieu,€48.00,,SNCF,TGV InOui,5527,396.8,€0.12,121.5,Lyon Part-Dieu - Mulhouse,,,
2025-07-21 18:10,2025-07-21 22:19,4:09,Lyon Part-Dieu,Toulouse Matabiau,€53.00,,SNCF,TGV InOui,6825,561,€0.09,135.2,Lyon Part-Dieu - Toulouse Matabiau via St-Roch,,,
,,,,,,,,,,,,,,,,
2025-08-22 10:42,2025-08-22 12:54,2:12,Toulouse Matabiau,Montpellier St-Roch,€35.00,,SNCF,Intercités,4657,247,€0.14,112.3,Montpellier St-Roch - Toulouse Matabiau,,,
2025-08-22 13:57,2025-08-22 19:09,5:12,Montpellier St-Roch,Mulhouse,€86.00,,SNCF,TGV InOui,5500,711.6,€0.12,136.8,Montpellier St-Roch - Mulhouse,,,
2025-08-22 19:16,2025-08-22 19:30,0:14,Mulhouse,St-Louis,€3.80,,SNCF,TER,96281,27,€0.14,115.7,Mulhouse - St-Louis,,,
,,,,,,,,,,,,,,,,
2025-08-24 13:30,2025-08-24 13:44,0:14,St-Louis,Mulhouse,,,SNCF,TER,96282,27,€0.00,115.7,Mulhouse - St-Louis,,,
2025-08-24 14:40,2025-08-24 17:56,3:16,Mulhouse,Lyon Part-Dieu,€45.00,,SNCF,TGV InOui,5537,396.8,€0.11,121.5,Lyon Part-Dieu - Mulhouse,,,
2025-08-24 18:10,2025-08-24 22:19,4:09,Lyon Part-Dieu,Toulouse Matabiau,€53.00,,SNCF,TGV InOui,6825,561,€0.09,135.2,Lyon Part-Dieu - Toulouse Matabiau via St-Roch,,,
,,,,,,,,,,,,,,,,
2025-10-31 07:39,2025-10-31 11:48,4:09,Toulouse Matabiau,Lyon Part-Dieu,,,SNCF,TGV InOui,6871,554.5,€0.00,133.6,Lyon Part-Dieu - Toulouse Matabiau via Sud de France,,,
2025-10-31 12:38,2025-10-31 14:04,1:26,Lyon Part-Dieu,Bellegarde-sur-Valserine,,,SNCF,TER,96510,129.1,€0.00,90.1,Bellegarde-sur-Valserine - Lyon Part-Dieu,,,
2025-10-31 14:15,2025-10-31 15:39,1:24,Bellegarde-sur-Valserine,Évian-les-Bains,,,SNCF,TER,884521,77.1,,55.1,Bellegarde-sur-Valserine - Évian-les-Bains,,,
2025-10-31 14:21,2025-10-31 15:42,1:21,Évian-les-Bains,Bellegarde-sur-Valserine,,,SNCF,TER,884570,77.1,€0.00,57.1,Bellegarde-sur-Valserine - Évian-les-Bains,,,
2025-10-31 16:00,2025-10-31 17:22,1:22,Bellegarde-sur-Valserine,Lyon Part-Dieu,,,SNCF,TER,96570,129.1,,94.5,Bellegarde-sur-Valserine - Lyon Part-Dieu,,,
2025-10-31 18:10,2025-10-31 22:19,4:09,Lyon Part-Dieu,Toulouse Matabiau,,,SNCF,TGV InOui,6825,561,€0.00,135.2,Lyon Part-Dieu - Toulouse Matabiau via St-Roch,,,
,,,,,,,,,,,,,,,,
2025-12-31 10:42,2025-12-31 12:54,2:12,Toulouse Matabiau,Montpellier St-Roch,,,SNCF,Intercités,4657,247,€0.00,112.3,Montpellier St-Roch - Toulouse Matabiau,,,
2025-12-31 13:57,2025-12-31 19:09,5:12,Montpellier St-Roch,Mulhouse,,,SNCF,TGV InOui,5500,711.6,€0.00,136.8,Montpellier St-Roch - Mulhouse,,,
2025-12-31 19:46,2025-12-31 20:00,0:14,Mulhouse,St-Louis,,,SNCF,TER,96235,27,€0.00,115.7,Mulhouse - St-Louis,,,
2025-12-31 07:30,2025-12-31 07:44,0:14,St-Louis,Mulhouse,,,SNCF,TER,96210,27,€0.00,115.7,Mulhouse - St-Louis,,,
2025-12-31 07:52,2025-12-31 12:52,5:00,Mulhouse,Montpellier St-Roch,,,SNCF,TGV InOui,5521,712.4,€0.00,142.5,Montpellier St-Roch - Mulhouse via Villefranche-sur-Saône,,,
2025-12-31 13:05,2025-12-31 15:15,2:10,Montpellier St-Roch,Toulouse Matabiau,,,SNCF,Intercités,4760,247,€0.00,114.0,Montpellier St-Roch - Toulouse Matabiau,,,
,,,,,,,,,,,,,,,,
,,,,,,,,,,,,,,,,
2026-12-31,2026-12-31,0:00,Toulouse Matabiau,Auch,,,SNCF,TER,,88.6,€0.00,,Auch - Toulouse Matabiau,musée déportation ouvert du 1er juin au 30 septembre,,
2026-12-31,2026-12-31,0:00,Auch,Toulouse Matabiau,,,SNCF,TER,,88.6,€0.00,,Auch - Toulouse Matabiau,,,
,,,,,,,,,,,,,,,,
2026-12-31 07:39,2026-12-31 09:10,1:31,Toulouse Matabiau,Béziers,,,SNCF,TER,,175.1,€0.00,,Béziers - Toulouse Matabiau,musée fermé le samedi,,
2026-12-31 09:33,2026-12-31 14:27,4:54,Béziers,Neussargues,,,SNCF,TER,,278.1,€0.00,,Béziers - Neussargues,,,
2026-12-31 14:48,2026-12-31 15:38,0:50,Neussargues,Aurillac,,,SNCF,TER,,57.3,€0.00,,Aurillac - Neussargues,1h à aurillac,,
2026-12-31 16:51,2026-12-31 20:31,3:40,Aurillac,Toulouse Matabiau,,,SNCF,TER,,223.9,€0.00,,Aurillac - Toulouse Matabiau,,,
,,,,,,,,,,,,,,,,
2026-12-31 07:11,2026-12-31 09:40,2:29,Toulouse Matabiau,Rivesaltes,,,SNCF,TER,,205.3,€0.00,,Rivesaltes - Toulouse Matabiau,,,
2026-12-31 09:45,2026-12-31 11:02,1:17,Rivesaltes,Saint-Paul,,,,Train rouge,,33.3,€0.00,,Rivesaltes - Saint-Paul,train rouge gratuit jour de l'anniversaire,,
2026-12-31 11:02,2026-12-31 12:30,1:28,Saint-Paul,Saint-Martin-Lys,,,,Train rouge,,27.6,€0.00,,Saint-Martin-Lys - Saint-Paul,,,
2026-12-31 15:00,2026-12-31 16:35,1:35,Axat,Saint-Paul,,,,Train rouge,,25.3,€0.00,,Axat - Saint-Paul,,,
2026-12-31 16:35,2026-12-31 17:55,1:20,Saint-Paul,Rivesaltes,,,,Train rouge,,33.3,€0.00,,Rivesaltes - Saint-Paul,,,
2026-12-31 18:13,2026-12-31 20:41,2:28,Rivesaltes,Toulouse Matabiau,,,SNCF,TER,,205.3,€0.00,,Rivesaltes - Toulouse Matabiau,,,
,,,,,,,,,,,,,,,,
2026-12-31,2026-12-31,0:00,Toulouse Matabiau,Carcassonne,,,SNCF,TER,,90.7,€0.00,,Carcassonne - Toulouse Matabiau,,,
2026-12-31,2026-12-31,0:00,Carcassonne,Limoux,,,SNCF,TER,,26.1,€0.00,,Carcassonne - Limoux,musée ouvert tous les jours du 15 juin au 15 septembre,,
2026-12-31,2026-12-31,0:00,Limoux,Carcassonne,,,SNCF,TER,,26.1,€0.00,,Carcassonne - Limoux,,,
2026-12-31,2026-12-31,0:00,Carcassonne,Toulouse Matabiau,,,SNCF,TER,,90.7,€0.00,,Carcassonne - Toulouse Matabiau,,,
,,,,,,,,,,,,,,,,
2026-12-31 07:12,2026-12-31 09:46,2:34,Toulouse Matabiau,Rodez,,,SNCF,TER,870002,156.7,,,Rodez - Toulouse Matabiau,,,
2026-12-31 10:47,2026-12-31 13:12,2:25,Rodez,Brive-la-Gaillarde,,,SNCF,TER,870154,162.1,,,Brive-la-Gaillarde - Rodez,aprèm à brive,,
2026-12-31 19:04,2026-12-31 21:32,2:28,Brive-la-Gaillarde,Toulouse Matabiau,,,SNCF,Intercités,3645,214.4,,,Brive-la-Gaillarde - Toulouse Matabiau,,,
,,,,,,,,,,,,,,,,
2026-12-31,2026-12-31,0:00,Toulouse Matabiau,Montréjeau—Gourdan-Polignan,,,SNCF,TER,,103.8,,,Montréjeau—Gourdan-Polignan - Toulouse Matabiau,,,
2026-12-31,2026-12-31,0:00,Montréjeau—Gourdan-Polignan,Luchon,,,SNCF,TER,,35.5,,,Luchon - Montréjeau—Gourdan-Polignan,rouverture de la ligne le 22 juin 2025,,
2026-12-31,2026-12-31,0:00,Luchon,Montréjeau—Gourdan-Polignan,,,SNCF,TER,,35.5,,,Luchon - Montréjeau—Gourdan-Polignan,,,
2026-12-31,2026-12-31,0:00,Montréjeau—Gourdan-Polignan,Toulouse Matabiau,,,SNCF,TER,,103.8,,,Montréjeau—Gourdan-Polignan - Toulouse Matabiau,,,
,,,,,,,,,,,,,,,,
2026-12-31 09:52,2026-12-31 11:18,1:26,Toulouse Matabiau,Agen,,,SNCF,TER,871814,121.4,,,Agen - Toulouse Matabiau,,,
2026-12-31 18:40,2026-12-31 20:05,1:25,Agen,Toulouse Matabiau,,,SNCF,TER,871853,121.4,,,Agen - Toulouse Matabiau,,,
,,,,,,,,,,,,,,,,
2026-12-31 06:10,2026-12-31 07:23,1:13,Toulouse Matabiau,Agen,,,SNCF,TGV InOui,8502,121.4,,,Agen - Toulouse Matabiau,,,
2026-12-31 09:15,2026-12-31 11:47,2:32,Agen,Périgueux,,,SNCF,TER,NA L34,152.4,,,Agen - Périgueux,,,
2026-12-31 17:58,2026-12-31 18:58,1:00,Périgueux,Brive-la-Gaillarde,,,SNCF,TER,NA L32,72.1,,,Brive-la-Gaillarde - Périgueux,,,
2026-12-31 19:04,2026-12-31 21:32,2:28,Brive-la-Gaillarde,Toulouse Matabiau,,,SNCF,Intercités,3645,214.4,,,Brive-la-Gaillarde - Toulouse Matabiau,,,